country,year,age_group,sex,subcode,ucd,any_common,population
BR,2012,0-4,F,K80,1,1,7153216
BR,2012,0-4,M,K80,0,1,7492554
BR,2012,10-14,F,K80,0,0,8285050
BR,2012,10-14,M,K80,0,0,8541075
BR,2012,15-19,F,K80,1,4,8589660
BR,2012,15-19,M,K80,2,2,8639928
BR,2012,20-24,F,K80,9,12,8531695
BR,2012,20-24,M,K80,1,1,8441064
BR,2012,25-29,F,K80,11,13,8792496
BR,2012,25-29,M,K80,2,3,8575592
BR,2012,30-34,F,K80,19,27,8544808
BR,2012,30-34,M,K80,13,19,8199033
BR,2012,35-39,F,K80,21,28,7470921
BR,2012,35-39,M,K80,7,15,7099826
BR,2012,40-44,F,K80,24,41,6855954
BR,2012,40-44,M,K80,16,25,6421655
BR,2012,45-49,F,K80,38,54,6462955
BR,2012,45-49,M,K80,15,27,5948125
BR,2012,5-9,F,K80,0,0,7569606
BR,2012,5-9,M,K80,0,1,7921789
BR,2012,50-54,F,K80,54,84,5695367
BR,2012,50-54,M,K80,28,49,5184257
BR,2012,55-59,F,K80,49,79,4730221
BR,2012,55-59,M,K80,52,82,4250290
BR,2012,60-64,F,K80,82,126,3745698
BR,2012,60-64,M,K80,59,80,3312928
BR,2012,65-69,F,K80,114,160,2818255
BR,2012,65-69,M,K80,66,101,2425459
BR,2012,70-74,F,K80,121,190,2176358
BR,2012,70-74,M,K80,92,133,1760793
BR,2012,75-79,F,K80,160,237,1628848
BR,2012,75-79,M,K80,90,133,1200455
BR,2012,80-84,F,K80,179,254,1080514
BR,2012,80-84,M,K80,101,153,712708
BR,2012,85+,F,K80,263,400,895787
BR,2012,85+,M,K80,128,184,515680
BR,2013,0-4,F,K80,0,0,7121178
BR,2013,0-4,M,K80,1,1,7463884
BR,2013,10-14,F,K80,1,1,8138707
BR,2013,10-14,M,K80,1,2,8426065
BR,2013,15-19,F,K80,0,3,8561467
BR,2013,15-19,M,K80,2,3,8644694
BR,2013,20-24,F,K80,4,6,8488814
BR,2013,20-24,M,K80,1,1,8412732
BR,2013,25-29,F,K80,7,15,8724932
BR,2013,25-29,M,K80,4,6,8524675
BR,2013,30-34,F,K80,22,30,8648899
BR,2013,30-34,M,K80,13,17,8310811
BR,2013,35-39,F,K80,24,34,7660500
BR,2013,35-39,M,K80,10,16,7282908
BR,2013,40-44,F,K80,31,40,6928918
BR,2013,40-44,M,K80,17,23,6497525
BR,2013,45-49,F,K80,43,59,6540506
BR,2013,45-49,M,K80,25,40,6021673
BR,2013,5-9,F,K80,0,0,7454699
BR,2013,5-9,M,K80,0,0,7805624
BR,2013,50-54,F,K80,46,74,5850019
BR,2013,50-54,M,K80,35,55,5313955
BR,2013,55-59,F,K80,71,110,4896250
BR,2013,55-59,M,K80,45,85,4391704
BR,2013,60-64,F,K80,91,127,3903087
BR,2013,60-64,M,K80,60,91,3437752
BR,2013,65-69,F,K80,97,159,2951155
BR,2013,65-69,M,K80,58,96,2536782
BR,2013,70-74,F,K80,147,214,2228456
BR,2013,70-74,M,K80,82,129,1804579
BR,2013,75-79,F,K80,160,221,1687030
BR,2013,75-79,M,K80,104,146,1248516
BR,2013,80-84,F,K80,159,234,1112004
BR,2013,80-84,M,K80,113,149,732403
BR,2013,85+,F,K80,285,431,937332
BR,2013,85+,M,K80,118,169,536467
BR,2014,0-4,F,K80,0,2,7115554
BR,2014,0-4,M,K80,0,0,7461659
BR,2014,10-14,F,K80,0,0,7978298
BR,2014,10-14,M,K80,0,1,8293387
BR,2014,15-19,F,K80,2,4,8523697
BR,2014,15-19,M,K80,0,0,8643609
BR,2014,20-24,F,K80,10,19,8471662
BR,2014,20-24,M,K80,4,5,8409991
BR,2014,25-29,F,K80,8,13,8633807
BR,2014,25-29,M,K80,0,4,8450017
BR,2014,30-34,F,K80,21,30,8708662
BR,2014,30-34,M,K80,6,11,8384967
BR,2014,35-39,F,K80,19,30,7877867
BR,2014,35-39,M,K80,10,18,7491084
BR,2014,40-44,F,K80,38,47,7011991
BR,2014,40-44,M,K80,18,30,6583218
BR,2014,45-49,F,K80,45,66,6600591
BR,2014,45-49,M,K80,27,39,6083062
BR,2014,5-9,F,K80,1,1,7355032
BR,2014,5-9,M,K80,0,0,7702044
BR,2014,50-54,F,K80,58,82,5998567
BR,2014,50-54,M,K80,37,59,5439538
BR,2014,55-59,F,K80,79,109,5061785
BR,2014,55-59,M,K80,57,86,4532346
BR,2014,60-64,F,K80,81,123,4063093
BR,2014,60-64,M,K80,60,93,3565197
BR,2014,65-69,F,K80,120,173,3091959
BR,2014,65-69,M,K80,77,104,2652529
BR,2014,70-74,F,K80,139,187,2291556
BR,2014,70-74,M,K80,78,104,1857771
BR,2014,75-79,F,K80,141,235,1743986
BR,2014,75-79,M,K80,99,129,1295242
BR,2014,80-84,F,K80,148,215,1146515
BR,2014,80-84,M,K80,107,146,755472
BR,2014,85+,F,K80,274,411,978399
BR,2014,85+,M,K80,123,182,556977
BR,2015,0-4,F,K80,0,1,7164367
BR,2015,0-4,M,K80,1,1,7515065
BR,2015,10-14,F,K80,1,2,7821067
BR,2015,10-14,M,K80,0,0,8160183
BR,2015,15-19,F,K80,3,7,8463413
BR,2015,15-19,M,K80,0,0,8620023
BR,2015,20-24,F,K80,8,11,8465532
BR,2015,20-24,M,K80,2,3,8418677
BR,2015,25-29,F,K80,13,16,8530001
BR,2015,25-29,M,K80,5,8,8361597
BR,2015,30-34,F,K80,17,27,8725993
BR,2015,30-34,M,K80,9,13,8420722
BR,2015,35-39,F,K80,23,34,8100207
BR,2015,35-39,M,K80,11,18,7703994
BR,2015,40-44,F,K80,38,45,7111549
BR,2015,40-44,M,K80,28,35,6684388
BR,2015,45-49,F,K80,42,65,6651191
BR,2015,45-49,M,K80,32,48,6138395
BR,2015,5-9,F,K80,0,0,7249887
BR,2015,5-9,M,K80,0,0,7591156
BR,2015,50-54,F,K80,62,91,6135162
BR,2015,50-54,M,K80,41,60,5556950
BR,2015,55-59,F,K80,82,104,5225990
BR,2015,55-59,M,K80,57,80,4670515
BR,2015,60-64,F,K80,78,113,4225128
BR,2015,60-64,M,K80,66,97,3695467
BR,2015,65-69,F,K80,101,153,3235883
BR,2015,65-69,M,K80,70,106,2768071
BR,2015,70-74,F,K80,124,175,2370932
BR,2015,70-74,M,K80,104,154,1924382
BR,2015,75-79,F,K80,152,239,1797276
BR,2015,75-79,M,K80,123,164,1338548
BR,2015,80-84,F,K80,161,253,1184417
BR,2015,80-84,M,K80,100,139,782635
BR,2015,85+,F,K80,322,456,1018282
BR,2015,85+,M,K80,131,199,576597
BR,2016,0-4,F,K80,1,1,7176661
BR,2016,0-4,M,K80,0,0,7528358
BR,2016,10-14,F,K80,0,0,7692918
BR,2016,10-14,M,K80,0,0,8042608
BR,2016,15-19,F,K80,2,2,8368049
BR,2016,15-19,M,K80,3,3,8560703
BR,2016,20-24,F,K80,7,19,8455573
BR,2016,20-24,M,K80,5,7,8425652
BR,2016,25-29,F,K80,10,22,8432108
BR,2016,25-29,M,K80,2,4,8276979
BR,2016,30-34,F,K80,16,29,8708705
BR,2016,30-34,M,K80,7,11,8422136
BR,2016,35-39,F,K80,27,29,8298088
BR,2016,35-39,M,K80,4,7,7895670
BR,2016,40-44,F,K80,22,34,7235995
BR,2016,40-44,M,K80,23,29,6808566
BR,2016,45-49,F,K80,47,65,6703547
BR,2016,45-49,M,K80,24,42,6196500
BR,2016,5-9,F,K80,1,1,7159600
BR,2016,5-9,M,K80,1,1,7502714
BR,2016,50-54,F,K80,62,79,6252737
BR,2016,50-54,M,K80,47,59,5661175
BR,2016,55-59,F,K80,56,88,5389174
BR,2016,55-59,M,K80,46,76,4806321
BR,2016,60-64,F,K80,97,143,4387869
BR,2016,60-64,M,K80,89,117,3828330
BR,2016,65-69,F,K80,98,156,3381751
BR,2016,65-69,M,K80,86,119,2882026
BR,2016,70-74,F,K80,122,183,2468444
BR,2016,70-74,M,K80,100,134,2005387
BR,2016,75-79,F,K80,135,211,1845388
BR,2016,75-79,M,K80,99,133,1377290
BR,2016,80-84,F,K80,174,244,1226953
BR,2016,80-84,M,K80,108,149,814825
BR,2016,85+,F,K80,301,454,1057444
BR,2016,85+,M,K80,134,183,595681
BR,2017,0-4,F,K80,0,0,7148689
BR,2017,0-4,M,K80,0,0,7498483
BR,2017,10-14,F,K80,1,1,7561632
BR,2017,10-14,M,K80,0,0,7914826
BR,2017,15-19,F,K80,4,6,8241877
BR,2017,15-19,M,K80,1,1,8468595
BR,2017,20-24,F,K80,8,10,8428840
BR,2017,20-24,M,K80,2,6,8420617
BR,2017,25-29,F,K80,12,19,8352359
BR,2017,25-29,M,K80,6,9,8209257
BR,2017,30-34,F,K80,19,31,8663729
BR,2017,30-34,M,K80,9,13,8394253
BR,2017,35-39,F,K80,28,29,8450130
BR,2017,35-39,M,K80,15,17,8047502
BR,2017,40-44,F,K80,25,36,7389449
BR,2017,40-44,M,K80,17,27,6959431
BR,2017,45-49,F,K80,45,62,6766366
BR,2017,45-49,M,K80,26,38,6264462
BR,2017,5-9,F,K80,0,0,7117371
BR,2017,5-9,M,K80,0,0,7464194
BR,2017,50-54,F,K80,48,76,6348409
BR,2017,50-54,M,K80,30,51,5749790
BR,2017,55-59,F,K80,70,111,5549971
BR,2017,55-59,M,K80,57,80,4939435
BR,2017,60-64,F,K80,101,141,4550391
BR,2017,60-64,M,K80,62,96,3962951
BR,2017,65-69,F,K80,115,174,3530408
BR,2017,65-69,M,K80,92,144,2995964
BR,2017,70-74,F,K80,145,199,2581799
BR,2017,70-74,M,K80,120,160,2098178
BR,2017,75-79,F,K80,186,257,1890520
BR,2017,75-79,M,K80,125,187,1413441
BR,2017,80-84,F,K80,182,252,1274209
BR,2017,80-84,M,K80,115,156,851416
BR,2017,85+,F,K80,351,481,1097587
BR,2017,85+,M,K80,151,197,615026
BR,2018,0-4,F,K80,1,2,7143597
BR,2018,0-4,M,K80,1,3,7492920
BR,2018,10-14,F,K80,1,1,7447052
BR,2018,10-14,M,K80,1,1,7799222
BR,2018,15-19,F,K80,6,7,8091938
BR,2018,15-19,M,K80,1,4,8350778
BR,2018,20-24,F,K80,11,16,8384816
BR,2018,20-24,M,K80,1,3,8404960
BR,2018,25-29,F,K80,12,16,8295079
BR,2018,25-29,M,K80,7,9,8162951
BR,2018,30-34,F,K80,12,17,8588455
BR,2018,30-34,M,K80,10,11,8334848
BR,2018,35-39,F,K80,24,40,8550108
BR,2018,35-39,M,K80,11,17,8154840
BR,2018,40-44,F,K80,28,39,7576354
BR,2018,40-44,M,K80,22,30,7140283
BR,2018,45-49,F,K80,35,63,6839156
BR,2018,45-49,M,K80,32,46,6341828
BR,2018,5-9,F,K80,0,0,7084208
BR,2018,5-9,M,K80,0,0,7433861
BR,2018,50-54,F,K80,53,80,6426200
BR,2018,50-54,M,K80,37,56,5824734
BR,2018,55-59,F,K80,75,103,5703333
BR,2018,55-59,M,K80,44,60,5067999
BR,2018,60-64,F,K80,99,132,4712567
BR,2018,60-64,M,K80,71,105,4098554
BR,2018,65-69,F,K80,109,163,3681482
BR,2018,65-69,M,K80,93,142,3110989
BR,2018,70-74,F,K80,131,201,2707514
BR,2018,70-74,M,K80,113,153,2199247
BR,2018,75-79,F,K80,152,234,1938389
BR,2018,75-79,M,K80,131,183,1451821
BR,2018,80-84,F,K80,182,251,1323721
BR,2018,80-84,M,K80,148,190,890120
BR,2018,85+,F,K80,369,494,1139514
BR,2018,85+,M,K80,171,228,635600
BR,2019,0-4,F,K80,0,1,7111933
BR,2019,0-4,M,K80,0,1,7458700
BR,2019,10-14,F,K80,0,1,7348051
BR,2019,10-14,M,K80,2,2,7696334
BR,2019,15-19,F,K80,3,4,7936624
BR,2019,15-19,M,K80,4,4,8225283
BR,2019,20-24,F,K80,4,8,8347000
BR,2019,20-24,M,K80,2,7,8400832
BR,2019,25-29,F,K80,10,13,8272246
BR,2019,25-29,M,K80,7,12,8150148
BR,2019,30-34,F,K80,21,28,8493968
BR,2019,30-34,M,K80,9,10,8255517
BR,2019,35-39,F,K80,38,48,8608339
BR,2019,35-39,M,K80,20,36,8227095
BR,2019,40-44,F,K80,45,60,7792313
BR,2019,40-44,M,K80,13,20,7347141
BR,2019,45-49,F,K80,46,76,6922507
BR,2019,45-49,M,K80,29,41,6429381
BR,2019,5-9,F,K80,0,0,7077260
BR,2019,5-9,M,K80,1,1,7429405
BR,2019,50-54,F,K80,45,76,6487200
BR,2019,50-54,M,K80,42,65,5888136
BR,2019,55-59,F,K80,83,123,5850910
BR,2019,55-59,M,K80,55,80,5193015
BR,2019,60-64,F,K80,96,138,4874532
BR,2019,60-64,M,K80,74,102,4234251
BR,2019,65-69,F,K80,125,183,3834603
BR,2019,65-69,M,K80,106,139,3228543
BR,2019,70-74,F,K80,141,210,2840115
BR,2019,70-74,M,K80,103,143,2303522
BR,2019,75-79,F,K80,189,255,1996507
BR,2019,75-79,M,K80,153,202,1498484
BR,2019,80-84,F,K80,198,265,1371868
BR,2019,80-84,M,K80,131,175,927586
BR,2019,85+,F,K80,382,526,1182889
BR,2019,85+,M,K80,185,262,657861
BR,2020,0-4,F,K80,0,1,7004496
BR,2020,0-4,M,K80,0,0,7344834
BR,2020,10-14,F,K80,0,0,7243924
BR,2020,10-14,M,K80,0,0,7586218
BR,2020,15-19,F,K80,1,4,7788905
BR,2020,15-19,M,K80,0,0,8104148
BR,2020,20-24,F,K80,13,15,8306493
BR,2020,20-24,M,K80,4,5,8395653
BR,2020,25-29,F,K80,8,14,8277869
BR,2020,25-29,M,K80,7,15,8166249
BR,2020,30-34,F,K80,13,22,8396742
BR,2020,30-34,M,K80,9,9,8171638
BR,2020,35-39,F,K80,25,34,8628980
BR,2020,35-39,M,K80,9,15,8265086
BR,2020,40-44,F,K80,36,55,8014947
BR,2020,40-44,M,K80,19,27,7558885
BR,2020,45-49,F,K80,30,60,7021811
BR,2020,45-49,M,K80,29,41,6529986
BR,2020,5-9,F,K80,0,0,7126888
BR,2020,5-9,M,K80,0,0,7482351
BR,2020,50-54,F,K80,53,78,6537509
BR,2020,50-54,M,K80,37,54,5942314
BR,2020,55-59,F,K80,69,96,5984480
BR,2020,55-59,M,K80,55,80,5305040
BR,2020,60-64,F,K80,104,150,5031864
BR,2020,60-64,M,K80,65,97,4362080
BR,2020,65-69,F,K80,110,162,3985501
BR,2020,65-69,M,K80,72,103,3341603
BR,2020,70-74,F,K80,134,196,2971680
BR,2020,70-74,M,K80,88,122,2399939
BR,2020,75-79,F,K80,124,183,2066197
BR,2020,75-79,M,K80,111,159,1550880
BR,2020,80-84,F,K80,165,250,1413300
BR,2020,80-84,M,K80,123,176,957210
BR,2020,85+,F,K80,304,435,1222349
BR,2020,85+,M,K80,171,240,676840
BR,2021,0-4,F,K80,0,1,6884882
BR,2021,0-4,M,K80,1,1,7218022
BR,2021,10-14,F,K80,0,0,7154758
BR,2021,10-14,M,K80,0,0,7498838
BR,2021,15-19,F,K80,1,1,7667765
BR,2021,15-19,M,K80,2,3,7995489
BR,2021,20-24,F,K80,5,9,8234129
BR,2021,20-24,M,K80,3,4,8358863
BR,2021,25-29,F,K80,19,33,8285732
BR,2021,25-29,M,K80,7,7,8187192
BR,2021,30-34,F,K80,14,23,8308533
BR,2021,30-34,M,K80,8,12,8094262
BR,2021,35-39,F,K80,23,38,8614825
BR,2021,35-39,M,K80,16,24,8266906
BR,2021,40-44,F,K80,22,42,8210457
BR,2021,40-44,M,K80,17,25,7743738
BR,2021,45-49,F,K80,40,61,7140727
BR,2021,45-49,M,K80,25,40,6644267
BR,2021,5-9,F,K80,1,1,7141725
BR,2021,5-9,M,K80,0,0,7497165
BR,2021,50-54,F,K80,58,79,6582891
BR,2021,50-54,M,K80,37,61,5988829
BR,2021,55-59,F,K80,69,103,6090024
BR,2021,55-59,M,K80,48,74,5390506
BR,2021,60-64,F,K80,73,102,5178317
BR,2021,60-64,M,K80,66,107,4474584
BR,2021,65-69,F,K80,110,163,4125812
BR,2021,65-69,M,K80,86,128,3443378
BR,2021,70-74,F,K80,151,201,3095481
BR,2021,70-74,M,K80,93,133,2480412
BR,2021,75-79,F,K80,135,212,2143774
BR,2021,75-79,M,K80,105,147,1604453
BR,2021,80-84,F,K80,170,229,1441677
BR,2021,80-84,M,K80,104,134,974402
BR,2021,85+,F,K80,363,506,1251280
BR,2021,85+,M,K80,163,228,689547
BR,2022,0-4,F,K80,0,0,6748180
BR,2022,0-4,M,K80,0,0,7072657
BR,2022,10-14,F,K80,1,1,7113772
BR,2022,10-14,M,K80,0,1,7461557
BR,2022,15-19,F,K80,1,2,7535168
BR,2022,15-19,M,K80,0,0,7867241
BR,2022,20-24,F,K80,8,14,8119664
BR,2022,20-24,M,K80,3,3,8276952
BR,2022,25-29,F,K80,10,13,8274950
BR,2022,25-29,M,K80,4,5,8193145
BR,2022,30-34,F,K80,17,24,8239142
BR,2022,30-34,M,K80,12,16,8033827
BR,2022,35-39,F,K80,28,48,8574426
BR,2022,35-39,M,K80,13,26,8241075
BR,2022,40-44,F,K80,27,42,8361528
BR,2022,40-44,M,K80,19,29,7890594
BR,2022,45-49,F,K80,46,63,7289770
BR,2022,45-49,M,K80,23,38,6786555
BR,2022,5-9,F,K80,0,1,7117933
BR,2022,5-9,M,K80,0,0,7470215
BR,2022,50-54,F,K80,48,78,6640700
BR,2022,50-54,M,K80,27,48,6048475
BR,2022,55-59,F,K80,67,97,6176634
BR,2022,55-59,M,K80,53,83,5464324
BR,2022,60-64,F,K80,68,112,5325745
BR,2022,60-64,M,K80,78,114,4588721
BR,2022,65-69,F,K80,130,182,4268636
BR,2022,65-69,M,K80,94,121,3552696
BR,2022,70-74,F,K80,147,224,3221066
BR,2022,70-74,M,K80,113,151,2563397
BR,2022,75-79,F,K80,160,228,2234649
BR,2022,75-79,M,K80,116,168,1669303
BR,2022,80-84,F,K80,180,259,1466341
BR,2022,80-84,M,K80,127,162,989957
BR,2022,85+,F,K80,367,508,1279565
BR,2022,85+,M,K80,165,218,704423
BR,2023,0-4,F,K80,1,2,6553590
BR,2023,0-4,M,K80,0,1,6867652
BR,2023,10-14,F,K80,1,1,7082501
BR,2023,10-14,M,K80,0,0,7433007
BR,2023,15-19,F,K80,4,4,7418395
BR,2023,15-19,M,K80,3,6,7751015
BR,2023,20-24,F,K80,8,11,7974090
BR,2023,20-24,M,K80,4,8,8164085
BR,2023,25-29,F,K80,22,34,8248194
BR,2023,25-29,M,K80,4,7,8190619
BR,2023,30-34,F,K80,19,21,8196216
BR,2023,30-34,M,K80,11,13,7999287
BR,2023,35-39,F,K80,23,44,8508424
BR,2023,35-39,M,K80,14,17,8189931
BR,2023,40-44,F,K80,36,56,8465433
BR,2023,40-44,M,K80,23,30,8000280
BR,2023,45-49,F,K80,65,89,7477692
BR,2023,45-49,M,K80,27,39,6966824
BR,2023,5-9,F,K80,0,0,7119716
BR,2023,5-9,M,K80,0,1,7470029
BR,2023,50-54,F,K80,66,96,6714889
BR,2023,50-54,M,K80,41,57,6127370
BR,2023,55-59,F,K80,119,150,6255579
BR,2023,55-59,M,K80,79,113,5538849
BR,2023,60-64,F,K80,105,152,5476616
BR,2023,60-64,M,K80,76,112,4712064
BR,2023,65-69,F,K80,126,189,4424233
BR,2023,65-69,M,K80,125,173,3678399
BR,2023,70-74,F,K80,190,251,3358242
BR,2023,70-74,M,K80,158,201,2662432
BR,2023,75-79,F,K80,172,243,2344518
BR,2023,75-79,M,K80,161,217,1752057
BR,2023,80-84,F,K80,203,283,1501717
BR,2023,80-84,M,K80,148,184,1016004
BR,2023,85+,F,K80,425,577,1323560
BR,2023,85+,M,K80,193,264,731649
BR,2024,0-4,F,K80,2,2,6356612
BR,2024,0-4,M,K80,1,3,6661380
BR,2024,10-14,F,K80,0,1,7076552
BR,2024,10-14,M,K80,2,2,7429136
BR,2024,15-19,F,K80,3,5,7320566
BR,2024,15-19,M,K80,1,1,7651069
BR,2024,20-24,F,K80,12,14,7821129
BR,2024,20-24,M,K80,5,6,8044783
BR,2024,25-29,F,K80,10,19,8219079
BR,2024,25-29,M,K80,3,9,8193616
BR,2024,30-34,F,K80,21,29,8181015
BR,2024,30-34,M,K80,13,17,7992515
BR,2024,35-39,F,K80,24,38,8419411
BR,2024,35-39,M,K80,15,21,8115656
BR,2024,40-44,F,K80,39,54,8525842
BR,2024,40-44,M,K80,28,41,8073611
BR,2024,45-49,F,K80,71,101,7693627
BR,2024,45-49,M,K80,30,47,7171760
BR,2024,5-9,F,K80,0,1,7092027
BR,2024,5-9,M,K80,0,0,7439000
BR,2024,50-54,F,K80,73,108,6798626
BR,2024,50-54,M,K80,46,64,6215140
BR,2024,55-59,F,K80,85,128,6318206
BR,2024,55-59,M,K80,89,124,5603775
BR,2024,60-64,F,K80,117,174,5622638
BR,2024,60-64,M,K80,106,142,4833395
BR,2024,65-69,F,K80,161,235,4582309
BR,2024,65-69,M,K80,110,157,3806961
BR,2024,70-74,F,K80,170,244,3500843
BR,2024,70-74,M,K80,152,194,2768674
BR,2024,75-79,F,K80,197,276,2463099
BR,2024,75-79,M,K80,161,219,1840490
BR,2024,80-84,F,K80,234,317,1550505
BR,2024,80-84,M,K80,152,201,1053425
BR,2024,85+,F,K80,470,614,1379378
BR,2024,85+,M,K80,191,243,767900
US,2012,0-4,F,K80,0,0,9774041
US,2012,0-4,M,K80,0,0,10206895
US,2012,10-14,F,K80,0,0,10111589
US,2012,10-14,M,K80,0,0,10562254
US,2012,15-19,F,K80,1,1,10411033
US,2012,15-19,M,K80,0,0,10962987
US,2012,20-24,F,K80,2,4,11048703
US,2012,20-24,M,K80,0,0,11547696
US,2012,25-29,F,K80,2,5,10567537
US,2012,25-29,M,K80,3,5,10825742
US,2012,30-34,F,K80,2,4,10430149
US,2012,30-34,M,K80,0,1,10480606
US,2012,35-39,F,K80,1,7,9785513
US,2012,35-39,M,K80,4,8,9704768
US,2012,40-44,F,K80,4,10,10572858
US,2012,40-44,M,K80,1,5,10448571
US,2012,45-49,F,K80,3,13,10964652
US,2012,45-49,M,K80,9,16,10719658
US,2012,5-9,F,K80,0,0,10018115
US,2012,5-9,M,K80,0,0,10454564
US,2012,50-54,F,K80,16,22,11498699
US,2012,50-54,M,K80,22,42,11072956
US,2012,55-59,F,K80,17,28,10702819
US,2012,55-59,M,K80,27,53,10063422
US,2012,60-64,F,K80,18,46,9278588
US,2012,60-64,M,K80,43,71,8531036
US,2012,65-69,F,K80,34,52,7372870
US,2012,65-69,M,K80,47,71,6607248
US,2012,70-74,F,K80,33,66,5414881
US,2012,70-74,M,K80,46,85,4598264
US,2012,75-79,F,K80,62,102,4200910
US,2012,75-79,M,K80,55,92,3293616
US,2012,80-84,F,K80,75,115,3425248
US,2012,80-84,M,K80,65,130,2354010
US,2012,85+,F,K80,275,440,3902430
US,2012,85+,M,K80,158,255,1962734
US,2013,0-4,F,K80,0,0,9710523
US,2013,0-4,M,K80,0,0,10144661
US,2013,10-14,F,K80,0,0,10109744
US,2013,10-14,M,K80,0,0,10547243
US,2013,15-19,F,K80,0,0,10332561
US,2013,15-19,M,K80,0,0,10850915
US,2013,20-24,F,K80,1,2,11139145
US,2013,20-24,M,K80,0,0,11687700
US,2013,25-29,F,K80,1,1,10642006
US,2013,25-29,M,K80,0,1,10940347
US,2013,30-34,F,K80,2,7,10603284
US,2013,30-34,M,K80,2,9,10668769
US,2013,35-39,F,K80,1,6,9832348
US,2013,35-39,M,K80,3,7,9772347
US,2013,40-44,F,K80,5,10,10493518
US,2013,40-44,M,K80,8,11,10347955
US,2013,45-49,F,K80,12,18,10711713
US,2013,45-49,M,K80,8,15,10491199
US,2013,5-9,F,K80,0,0,10068928
US,2013,5-9,M,K80,0,0,10506663
US,2013,50-54,F,K80,6,17,11485360
US,2013,50-54,M,K80,10,29,11060993
US,2013,55-59,F,K80,18,33,10904047
US,2013,55-59,M,K80,21,45,10268546
US,2013,60-64,F,K80,20,45,9444556
US,2013,60-64,M,K80,30,60,8662539
US,2013,65-69,F,K80,33,52,7690162
US,2013,65-69,M,K80,40,69,6901813
US,2013,70-74,F,K80,39,75,5723763
US,2013,70-74,M,K80,38,66,4878749
US,2013,75-79,F,K80,42,70,4291752
US,2013,75-79,M,K80,55,90,3390044
US,2013,80-84,F,K80,67,121,3397838
US,2013,80-84,M,K80,67,107,2364502
US,2013,85+,F,K80,280,487,3964645
US,2013,85+,M,K80,139,248,2029069
US,2014,0-4,F,K80,0,0,9715944
US,2014,0-4,M,K80,0,0,10162862
US,2014,10-14,F,K80,0,0,10122728
US,2014,10-14,M,K80,0,1,10551032
US,2014,15-19,F,K80,0,0,10282180
US,2014,15-19,M,K80,0,0,10778182
US,2014,20-24,F,K80,1,1,11157116
US,2014,20-24,M,K80,1,2,11734876
US,2014,25-29,F,K80,3,7,10814504
US,2014,25-29,M,K80,2,6,11154019
US,2014,30-34,F,K80,0,2,10711000
US,2014,30-34,M,K80,1,4,10796288
US,2014,35-39,F,K80,5,8,9959734
US,2014,35-39,M,K80,5,8,9913940
US,2014,40-44,F,K80,2,7,10342116
US,2014,40-44,M,K80,7,16,10187508
US,2014,45-49,F,K80,4,13,10509217
US,2014,45-49,M,K80,11,19,10310760
US,2014,5-9,F,K80,0,0,10046117
US,2014,5-9,M,K80,0,0,10480153
US,2014,50-54,F,K80,17,30,11464466
US,2014,50-54,M,K80,12,34,11045022
US,2014,55-59,F,K80,18,31,11042238
US,2014,55-59,M,K80,21,40,10416082
US,2014,60-64,F,K80,24,42,9672090
US,2014,60-64,M,K80,29,49,8855150
US,2014,65-69,F,K80,34,66,8062323
US,2014,65-69,M,K80,36,74,7234673
US,2014,70-74,F,K80,33,64,5967007
US,2014,70-74,M,K80,56,72,5091435
US,2014,75-79,F,K80,49,87,4408952
US,2014,75-79,M,K80,59,107,3507421
US,2014,80-84,F,K80,75,121,3379011
US,2014,80-84,M,K80,69,120,2376937
US,2014,85+,F,K80,263,426,4033776
US,2014,85+,M,K80,157,238,2099470
US,2015,0-4,F,K80,0,0,9734572
US,2015,0-4,M,K80,0,1,10190134
US,2015,10-14,F,K80,0,0,10097361
US,2015,10-14,M,K80,0,0,10517252
US,2015,15-19,F,K80,0,0,10303239
US,2015,15-19,M,K80,0,0,10787033
US,2015,20-24,F,K80,0,1,11043025
US,2015,20-24,M,K80,1,1,11646473
US,2015,25-29,F,K80,2,4,11029349
US,2015,25-29,M,K80,2,7,11402007
US,2015,30-34,F,K80,0,2,10765946
US,2015,30-34,M,K80,4,7,10875937
US,2015,35-39,F,K80,6,9,10166224
US,2015,35-39,M,K80,4,7,10142245
US,2015,40-44,F,K80,7,14,10142266
US,2015,40-44,M,K80,7,9,9989891
US,2015,45-49,F,K80,6,11,10473254
US,2015,45-49,M,K80,12,27,10288356
US,2015,5-9,F,K80,0,0,10029953
US,2015,5-9,M,K80,0,0,10460866
US,2015,50-54,F,K80,16,25,11329624
US,2015,50-54,M,K80,17,31,10921871
US,2015,55-59,F,K80,13,34,11173781
US,2015,55-59,M,K80,21,35,10559735
US,2015,60-64,F,K80,20,44,9926854
US,2015,60-64,M,K80,28,47,9085876
US,2015,65-69,F,K80,40,72,8454324
US,2015,65-69,M,K80,48,83,7576768
US,2015,70-74,F,K80,41,70,6175400
US,2015,70-74,M,K80,56,91,5281726
US,2015,75-79,F,K80,68,97,4507381
US,2015,75-79,M,K80,62,96,3603446
US,2015,80-84,F,K80,82,127,3386269
US,2015,80-84,M,K80,70,116,2407460
US,2015,85+,F,K80,304,472,4093329
US,2015,85+,M,K80,142,234,2169767
US,2016,0-4,F,K80,0,0,9742528
US,2016,0-4,M,K80,0,0,10194209
US,2016,10-14,F,K80,1,1,10104766
US,2016,10-14,M,K80,1,2,10529234
US,2016,15-19,F,K80,0,0,10335334
US,2016,15-19,M,K80,0,0,10804809
US,2016,20-24,F,K80,2,3,10880883
US,2016,20-24,M,K80,2,3,11486770
US,2016,25-29,F,K80,1,7,11271329
US,2016,25-29,M,K80,1,2,11668343
US,2016,30-34,F,K80,2,4,10837503
US,2016,30-34,M,K80,3,7,10997952
US,2016,35-39,F,K80,3,5,10399494
US,2016,35-39,M,K80,0,4,10385679
US,2016,40-44,F,K80,6,11,9910118
US,2016,40-44,M,K80,3,4,9768609
US,2016,45-49,F,K80,5,10,10550885
US,2016,45-49,M,K80,10,27,10356168
US,2016,5-9,F,K80,0,0,10008005
US,2016,5-9,M,K80,0,0,10442552
US,2016,50-54,F,K80,8,17,11087512
US,2016,50-54,M,K80,13,32,10708723
US,2016,55-59,F,K80,19,35,11276769
US,2016,55-59,M,K80,13,32,10663988
US,2016,60-64,F,K80,23,42,10153415
US,2016,60-64,M,K80,24,68,9297699
US,2016,65-69,F,K80,25,53,8874413
US,2016,65-69,M,K80,43,83,7927580
US,2016,70-74,F,K80,44,78,6347009
US,2016,70-74,M,K80,44,75,5444125
US,2016,75-79,F,K80,54,95,4642235
US,2016,75-79,M,K80,55,96,3721492
US,2016,80-84,F,K80,92,139,3415481
US,2016,80-84,M,K80,75,122,2453136
US,2016,85+,F,K80,299,437,4148383
US,2016,85+,M,K80,160,248,2234625
US,2017,0-4,F,K80,0,0,9721892
US,2017,0-4,M,K80,0,0,10173124
US,2017,10-14,F,K80,0,0,10174304
US,2017,10-14,M,K80,0,0,10609152
US,2017,15-19,F,K80,0,0,10322453
US,2017,15-19,M,K80,0,1,10783133
US,2017,20-24,F,K80,2,4,10747498
US,2017,20-24,M,K80,1,3,11314113
US,2017,25-29,F,K80,0,0,11463708
US,2017,25-29,M,K80,0,2,11897087
US,2017,30-34,F,K80,1,4,10877130
US,2017,30-34,M,K80,5,9,11081933
US,2017,35-39,F,K80,3,7,10594335
US,2017,35-39,M,K80,2,4,10596983
US,2017,40-44,F,K80,2,5,9857600
US,2017,40-44,M,K80,2,11,9718987
US,2017,45-49,F,K80,4,12,10547318
US,2017,45-49,M,K80,8,17,10349982
US,2017,5-9,F,K80,0,0,9948106
US,2017,5-9,M,K80,0,0,10382200
US,2017,50-54,F,K80,7,16,10844299
US,2017,50-54,M,K80,13,28,10485450
US,2017,55-59,F,K80,15,27,11274831
US,2017,55-59,M,K80,29,58,10670828
US,2017,60-64,F,K80,19,42,10398926
US,2017,60-64,M,K80,22,43,9529117
US,2017,65-69,F,K80,31,54,8884407
US,2017,65-69,M,K80,45,73,7909189
US,2017,70-74,F,K80,50,75,6881542
US,2017,70-74,M,K80,45,81,5931096
US,2017,75-79,F,K80,63,106,4833186
US,2017,75-79,M,K80,54,90,3889506
US,2017,80-84,F,K80,70,108,3455501
US,2017,80-84,M,K80,70,114,2504286
US,2017,85+,F,K80,252,435,4181647
US,2017,85+,M,K80,158,240,2287279
US,2018,0-4,F,K80,0,0,9665926
US,2018,0-4,M,K80,0,0,10112601
US,2018,10-14,F,K80,0,0,10223894
US,2018,10-14,M,K80,1,1,10663948
US,2018,15-19,F,K80,0,2,10314076
US,2018,15-19,M,K80,1,2,10762990
US,2018,20-24,F,K80,2,3,10652877
US,2018,20-24,M,K80,1,1,11172233
US,2018,25-29,F,K80,1,4,11535821
US,2018,25-29,M,K80,1,2,12011397
US,2018,30-34,F,K80,2,3,10945565
US,2018,30-34,M,K80,3,6,11186277
US,2018,35-39,F,K80,2,5,10767228
US,2018,35-39,M,K80,2,8,10781732
US,2018,40-44,F,K80,1,9,9901383
US,2018,40-44,M,K80,6,12,9781751
US,2018,45-49,F,K80,5,11,10466104
US,2018,45-49,M,K80,3,9,10249333
US,2018,5-9,F,K80,0,0,9888217
US,2018,5-9,M,K80,0,0,10324741
US,2018,50-54,F,K80,5,18,10593345
US,2018,50-54,M,K80,17,28,10262878
US,2018,55-59,F,K80,20,35,11257833
US,2018,55-59,M,K80,25,47,10658259
US,2018,60-64,F,K80,19,38,10585539
US,2018,60-64,M,K80,24,56,9717646
US,2018,65-69,F,K80,34,59,9041390
US,2018,65-69,M,K80,47,82,8022909
US,2018,70-74,F,K80,35,67,7180687
US,2018,70-74,M,K80,53,84,6200020
US,2018,75-79,F,K80,43,82,5115395
US,2018,75-79,M,K80,50,87,4134784
US,2018,80-84,F,K80,78,120,3536898
US,2018,80-84,M,K80,83,119,2584496
US,2018,85+,F,K80,275,411,4205508
US,2018,85+,M,K80,130,211,2332518
US,2019,0-4,F,K80,0,0,9570073
US,2019,0-4,M,K80,0,0,10001266
US,2019,10-14,F,K80,0,0,10190891
US,2019,10-14,M,K80,0,0,10629162
US,2019,15-19,F,K80,0,1,10313575
US,2019,15-19,M,K80,0,0,10752848
US,2019,20-24,F,K80,0,1,10577124
US,2019,20-24,M,K80,1,1,11066850
US,2019,25-29,F,K80,0,1,11518714
US,2019,25-29,M,K80,1,5,12020738
US,2019,30-34,F,K80,1,5,11093732
US,2019,30-34,M,K80,4,9,11370500
US,2019,35-39,F,K80,0,8,10861340
US,2019,35-39,M,K80,6,11,10892543
US,2019,40-44,F,K80,6,14,10014341
US,2019,40-44,M,K80,3,8,9906220
US,2019,45-49,F,K80,7,12,10307804
US,2019,45-49,M,K80,5,12,10082635
US,2019,5-9,F,K80,0,0,9886447
US,2019,5-9,M,K80,0,0,10335306
US,2019,50-54,F,K80,11,18,10387588
US,2019,50-54,M,K80,15,24,10082296
US,2019,55-59,F,K80,24,48,11232044
US,2019,55-59,M,K80,24,49,10639047
US,2019,60-64,F,K80,21,36,10708826
US,2019,60-64,M,K80,30,57,9851308
US,2019,65-69,F,K80,33,48,9252566
US,2019,65-69,M,K80,35,73,8191801
US,2019,70-74,F,K80,48,84,7527818
US,2019,70-74,M,K80,64,101,6499159
US,2019,75-79,F,K80,46,90,5333117
US,2019,75-79,M,K80,64,115,4317707
US,2019,80-84,F,K80,73,123,3636357
US,2019,80-84,M,K80,80,132,2678743
US,2019,85+,F,K80,293,469,4225260
US,2019,85+,M,K80,154,239,2374207
US,2020,0-4,F,K80,1,1,9440135
US,2020,0-4,M,K80,0,0,9861157
US,2020,10-14,F,K80,1,1,10159455
US,2020,10-14,M,K80,0,0,10594968
US,2020,15-19,F,K80,1,1,10266332
US,2020,15-19,M,K80,0,1,10694597
US,2020,20-24,F,K80,1,1,10561909
US,2020,20-24,M,K80,2,2,11032846
US,2020,25-29,F,K80,2,5,11356117
US,2020,25-29,M,K80,2,4,11875126
US,2020,30-34,F,K80,4,5,11269150
US,2020,30-34,M,K80,5,8,11569253
US,2020,35-39,F,K80,4,9,10890716
US,2020,35-39,M,K80,2,5,10937588
US,2020,40-44,F,K80,0,6,10199608
US,2020,40-44,M,K80,7,16,10108280
US,2020,45-49,F,K80,6,12,10097702
US,2020,45-49,M,K80,7,17,9872904
US,2020,5-9,F,K80,0,0,9890958
US,2020,5-9,M,K80,0,0,10346753
US,2020,50-54,F,K80,8,23,10343739
US,2020,50-54,M,K80,10,30,10051788
US,2020,55-59,F,K80,15,33,11091171
US,2020,55-59,M,K80,19,45,10511928
US,2020,60-64,F,K80,23,47,10823072
US,2020,60-64,M,K80,31,75,9977506
US,2020,65-69,F,K80,34,81,9483316
US,2020,65-69,M,K80,49,87,8390351
US,2020,70-74,F,K80,50,87,7882542
US,2020,70-74,M,K80,55,99,6793189
US,2020,75-79,F,K80,69,110,5513149
US,2020,75-79,M,K80,72,121,4473684
US,2020,80-84,F,K80,67,132,3715123
US,2020,80-84,M,K80,73,129,2749591
US,2020,85+,F,K80,262,437,4243727
US,2020,85+,M,K80,170,277,2414693
US,2021,0-4,F,K80,0,0,9213282
US,2021,0-4,M,K80,0,0,9638924
US,2021,10-14,F,K80,0,0,10468966
US,2021,10-14,M,K80,0,0,10998343
US,2021,15-19,F,K80,1,1,10550956
US,2021,15-19,M,K80,0,1,11032075
US,2021,20-24,F,K80,0,1,10563847
US,2021,20-24,M,K80,1,3,10986668
US,2021,25-29,F,K80,1,3,11022779
US,2021,25-29,M,K80,0,1,11386632
US,2021,30-34,F,K80,4,7,11436751
US,2021,30-34,M,K80,2,4,11681024
US,2021,35-39,F,K80,6,10,11042908
US,2021,35-39,M,K80,3,7,11271318
US,2021,40-44,F,K80,5,10,10515899
US,2021,40-44,M,K80,6,8,10597422
US,2021,45-49,F,K80,8,15,9910370
US,2021,45-49,M,K80,11,25,9880380
US,2021,5-9,F,K80,0,0,9924515
US,2021,5-9,M,K80,0,0,10385783
US,2021,50-54,F,K80,11,29,10471707
US,2021,50-54,M,K80,9,24,10436367
US,2021,55-59,F,K80,12,31,10938806
US,2021,55-59,M,K80,24,44,10630482
US,2021,60-64,F,K80,23,46,10897299
US,2021,60-64,M,K80,37,78,10323993
US,2021,65-69,F,K80,28,77,9637672
US,2021,65-69,M,K80,51,105,8736147
US,2021,70-74,F,K80,66,123,8147119
US,2021,70-74,M,K80,78,127,7103881
US,2021,75-79,F,K80,65,136,5434012
US,2021,75-79,M,K80,83,132,4461789
US,2021,80-84,F,K80,103,150,3613724
US,2021,80-84,M,K80,77,119,2688870
US,2021,85+,F,K80,282,445,3865451
US,2021,85+,M,K80,175,277,2203599
US,2022,0-4,F,K80,0,0,9149470
US,2022,0-4,M,K80,1,1,9561484
US,2022,10-14,F,K80,0,0,10338140
US,2022,10-14,M,K80,0,1,10858115
US,2022,15-19,F,K80,0,0,10695953
US,2022,15-19,M,K80,1,1,11201441
US,2022,20-24,F,K80,1,3,10656544
US,2022,20-24,M,K80,3,3,11090066
US,2022,25-29,F,K80,2,5,10953339
US,2022,25-29,M,K80,2,7,11299481
US,2022,30-34,F,K80,2,6,11618816
US,2022,30-34,M,K80,5,9,11852898
US,2022,35-39,F,K80,3,12,11104338
US,2022,35-39,M,K80,1,8,11337479
US,2022,40-44,F,K80,3,9,10726881
US,2022,40-44,M,K80,2,7,10827504
US,2022,45-49,F,K80,1,13,9874888
US,2022,45-49,M,K80,17,30,9826556
US,2022,5-9,F,K80,0,0,9924379
US,2022,5-9,M,K80,0,0,10384438
US,2022,50-54,F,K80,13,30,10467562
US,2022,50-54,M,K80,16,35,10418054
US,2022,55-59,F,K80,22,48,10690530
US,2022,55-59,M,K80,23,51,10387713
US,2022,60-64,F,K80,26,61,10921606
US,2022,60-64,M,K80,34,70,10344609
US,2022,65-69,F,K80,59,105,9845120
US,2022,65-69,M,K80,60,102,8934330
US,2022,70-74,F,K80,63,115,8159247
US,2022,70-74,M,K80,67,140,7066013
US,2022,75-79,F,K80,75,128,5934586
US,2022,75-79,M,K80,100,166,4911106
US,2022,80-84,F,K80,82,142,3753023
US,2022,80-84,M,K80,92,146,2797365
US,2022,85+,F,K80,287,449,3866967
US,2022,85+,M,K80,166,306,2237280
US,2023,0-4,F,K80,0,2,9113709
US,2023,0-4,M,K80,0,0,9518688
US,2023,10-14,F,K80,0,0,10220382
US,2023,10-14,M,K80,0,0,10723279
US,2023,15-19,F,K80,0,0,10848970
US,2023,15-19,M,K80,1,1,11379103
US,2023,20-24,F,K80,1,3,10793698
US,2023,20-24,M,K80,1,1,11249749
US,2023,25-29,F,K80,2,5,10974079
US,2023,25-29,M,K80,2,4,11304143
US,2023,30-34,F,K80,1,2,11761144
US,2023,30-34,M,K80,5,13,12009251
US,2023,35-39,F,K80,4,6,11232482
US,2023,35-39,M,K80,2,7,11465154
US,2023,40-44,F,K80,2,8,10948511
US,2023,40-44,M,K80,4,9,11066810
US,2023,45-49,F,K80,5,17,9974556
US,2023,45-49,M,K80,3,21,9932362
US,2023,5-9,F,K80,0,0,9912913
US,2023,5-9,M,K80,0,0,10371140
US,2023,50-54,F,K80,9,17,10407373
US,2023,50-54,M,K80,20,39,10331257
US,2023,55-59,F,K80,15,30,10466862
US,2023,55-59,M,K80,16,52,10188050
US,2023,60-64,F,K80,18,41,10932221
US,2023,60-64,M,K80,33,65,10353638
US,2023,65-69,F,K80,58,91,10042785
US,2023,65-69,M,K80,45,94,9138341
US,2023,70-74,F,K80,57,109,8331148
US,2023,70-74,M,K80,58,119,7204482
US,2023,75-79,F,K80,84,146,6221182
US,2023,75-79,M,K80,82,144,5158922
US,2023,80-84,F,K80,87,156,3983828
US,2023,80-84,M,K80,85,153,2991466
US,2023,85+,F,K80,271,446,3934293
US,2023,85+,M,K80,146,256,2320260
US,2024,0-4,F,K80,0,0,9098271
US,2024,0-4,M,K80,0,0,9501043
US,2024,10-14,F,K80,0,0,10200006
US,2024,10-14,M,K80,0,0,10701148
US,2024,15-19,F,K80,0,0,10914056
US,2024,15-19,M,K80,0,0,11461769
US,2024,20-24,F,K80,1,1,10970121
US,2024,20-24,M,K80,1,2,11451815
US,2024,25-29,F,K80,2,3,11069140
US,2024,25-29,M,K80,4,6,11390736
US,2024,30-34,F,K80,3,9,11866273
US,2024,30-34,M,K80,4,10,12127715
US,2024,35-39,F,K80,2,8,11467859
US,2024,35-39,M,K80,6,10,11702213
US,2024,40-44,F,K80,5,11,11115417
US,2024,40-44,M,K80,9,19,11253735
US,2024,45-49,F,K80,2,17,10164244
US,2024,45-49,M,K80,6,20,10129805
US,2024,5-9,F,K80,0,0,9878030
US,2024,5-9,M,K80,0,0,10319642
US,2024,50-54,F,K80,8,17,10293667
US,2024,50-54,M,K80,15,33,10192640
US,2024,55-59,F,K80,18,31,10307943
US,2024,55-59,M,K80,17,43,10051985
US,2024,60-64,F,K80,25,48,10938774
US,2024,60-64,M,K80,28,64,10363023
US,2024,65-69,F,K80,45,81,10191886
US,2024,65-69,M,K80,46,86,9297585
US,2024,70-74,F,K80,51,110,8553407
US,2024,70-74,M,K80,68,119,7402084
US,2024,75-79,F,K80,81,135,6557458
US,2024,75-79,M,K80,86,151,5435868
US,2024,80-84,F,K80,111,169,4165424
US,2024,80-84,M,K80,75,121,3141063
US,2024,85+,F,K80,277,474,4021130
US,2024,85+,M,K80,165,271,2414013
BR,2012,0-4,F,K81,0,0,7153216
BR,2012,0-4,M,K81,0,0,7492554
BR,2012,10-14,F,K81,1,1,8285050
BR,2012,10-14,M,K81,0,2,8541075
BR,2012,15-19,F,K81,2,4,8589660
BR,2012,15-19,M,K81,0,3,8639928
BR,2012,20-24,F,K81,3,4,8531695
BR,2012,20-24,M,K81,2,3,8441064
BR,2012,25-29,F,K81,11,16,8792496
BR,2012,25-29,M,K81,1,4,8575592
BR,2012,30-34,F,K81,11,16,8544808
BR,2012,30-34,M,K81,3,6,8199033
BR,2012,35-39,F,K81,12,22,7470921
BR,2012,35-39,M,K81,7,14,7099826
BR,2012,40-44,F,K81,28,36,6855954
BR,2012,40-44,M,K81,20,27,6421655
BR,2012,45-49,F,K81,23,38,6462955
BR,2012,45-49,M,K81,25,32,5948125
BR,2012,5-9,F,K81,1,1,7569606
BR,2012,5-9,M,K81,0,0,7921789
BR,2012,50-54,F,K81,37,59,5695367
BR,2012,50-54,M,K81,29,40,5184257
BR,2012,55-59,F,K81,48,75,4730221
BR,2012,55-59,M,K81,47,71,4250290
BR,2012,60-64,F,K81,61,102,3745698
BR,2012,60-64,M,K81,50,73,3312928
BR,2012,65-69,F,K81,78,114,2818255
BR,2012,65-69,M,K81,62,98,2425459
BR,2012,70-74,F,K81,100,152,2176358
BR,2012,70-74,M,K81,90,137,1760793
BR,2012,75-79,F,K81,119,181,1628848
BR,2012,75-79,M,K81,92,151,1200455
BR,2012,80-84,F,K81,155,221,1080514
BR,2012,80-84,M,K81,97,139,712708
BR,2012,85+,F,K81,226,334,895787
BR,2012,85+,M,K81,137,180,515680
BR,2013,0-4,F,K81,1,2,7121178
BR,2013,0-4,M,K81,1,1,7463884
BR,2013,10-14,F,K81,0,1,8138707
BR,2013,10-14,M,K81,0,0,8426065
BR,2013,15-19,F,K81,3,4,8561467
BR,2013,15-19,M,K81,1,3,8644694
BR,2013,20-24,F,K81,3,7,8488814
BR,2013,20-24,M,K81,3,4,8412732
BR,2013,25-29,F,K81,9,14,8724932
BR,2013,25-29,M,K81,2,5,8524675
BR,2013,30-34,F,K81,13,20,8648899
BR,2013,30-34,M,K81,4,7,8310811
BR,2013,35-39,F,K81,9,24,7660500
BR,2013,35-39,M,K81,7,10,7282908
BR,2013,40-44,F,K81,18,26,6928918
BR,2013,40-44,M,K81,20,31,6497525
BR,2013,45-49,F,K81,32,46,6540506
BR,2013,45-49,M,K81,21,36,6021673
BR,2013,5-9,F,K81,0,1,7454699
BR,2013,5-9,M,K81,0,2,7805624
BR,2013,50-54,F,K81,34,59,5850019
BR,2013,50-54,M,K81,32,49,5313955
BR,2013,55-59,F,K81,61,96,4896250
BR,2013,55-59,M,K81,54,79,4391704
BR,2013,60-64,F,K81,58,102,3903087
BR,2013,60-64,M,K81,61,86,3437752
BR,2013,65-69,F,K81,90,140,2951155
BR,2013,65-69,M,K81,71,107,2536782
BR,2013,70-74,F,K81,119,178,2228456
BR,2013,70-74,M,K81,93,135,1804579
BR,2013,75-79,F,K81,123,178,1687030
BR,2013,75-79,M,K81,113,151,1248516
BR,2013,80-84,F,K81,150,215,1112004
BR,2013,80-84,M,K81,112,159,732403
BR,2013,85+,F,K81,232,337,937332
BR,2013,85+,M,K81,120,176,536467
BR,2014,0-4,F,K81,1,2,7115554
BR,2014,0-4,M,K81,0,0,7461659
BR,2014,10-14,F,K81,0,0,7978298
BR,2014,10-14,M,K81,0,1,8293387
BR,2014,15-19,F,K81,2,4,8523697
BR,2014,15-19,M,K81,2,2,8643609
BR,2014,20-24,F,K81,4,9,8471662
BR,2014,20-24,M,K81,2,7,8409991
BR,2014,25-29,F,K81,6,13,8633807
BR,2014,25-29,M,K81,2,5,8450017
BR,2014,30-34,F,K81,14,19,8708662
BR,2014,30-34,M,K81,1,1,8384967
BR,2014,35-39,F,K81,12,23,7877867
BR,2014,35-39,M,K81,9,15,7491084
BR,2014,40-44,F,K81,20,28,7011991
BR,2014,40-44,M,K81,5,10,6583218
BR,2014,45-49,F,K81,33,54,6600591
BR,2014,45-49,M,K81,26,44,6083062
BR,2014,5-9,F,K81,0,1,7355032
BR,2014,5-9,M,K81,0,1,7702044
BR,2014,50-54,F,K81,44,67,5998567
BR,2014,50-54,M,K81,26,43,5439538
BR,2014,55-59,F,K81,53,89,5061785
BR,2014,55-59,M,K81,46,73,4532346
BR,2014,60-64,F,K81,67,102,4063093
BR,2014,60-64,M,K81,56,92,3565197
BR,2014,65-69,F,K81,110,156,3091959
BR,2014,65-69,M,K81,77,123,2652529
BR,2014,70-74,F,K81,99,147,2291556
BR,2014,70-74,M,K81,108,147,1857771
BR,2014,75-79,F,K81,120,188,1743986
BR,2014,75-79,M,K81,120,159,1295242
BR,2014,80-84,F,K81,150,202,1146515
BR,2014,80-84,M,K81,114,157,755472
BR,2014,85+,F,K81,264,366,978399
BR,2014,85+,M,K81,128,174,556977
BR,2015,0-4,F,K81,0,2,7164367
BR,2015,0-4,M,K81,0,0,7515065
BR,2015,10-14,F,K81,1,2,7821067
BR,2015,10-14,M,K81,0,0,8160183
BR,2015,15-19,F,K81,4,5,8463413
BR,2015,15-19,M,K81,0,1,8620023
BR,2015,20-24,F,K81,7,11,8465532
BR,2015,20-24,M,K81,4,4,8418677
BR,2015,25-29,F,K81,8,11,8530001
BR,2015,25-29,M,K81,7,11,8361597
BR,2015,30-34,F,K81,13,19,8725993
BR,2015,30-34,M,K81,7,11,8420722
BR,2015,35-39,F,K81,11,18,8100207
BR,2015,35-39,M,K81,8,11,7703994
BR,2015,40-44,F,K81,13,25,7111549
BR,2015,40-44,M,K81,20,26,6684388
BR,2015,45-49,F,K81,27,41,6651191
BR,2015,45-49,M,K81,16,31,6138395
BR,2015,5-9,F,K81,0,0,7249887
BR,2015,5-9,M,K81,0,1,7591156
BR,2015,50-54,F,K81,24,36,6135162
BR,2015,50-54,M,K81,34,50,5556950
BR,2015,55-59,F,K81,41,71,5225990
BR,2015,55-59,M,K81,40,59,4670515
BR,2015,60-64,F,K81,75,113,4225128
BR,2015,60-64,M,K81,56,79,3695467
BR,2015,65-69,F,K81,86,119,3235883
BR,2015,65-69,M,K81,86,119,2768071
BR,2015,70-74,F,K81,99,146,2370932
BR,2015,70-74,M,K81,103,149,1924382
BR,2015,75-79,F,K81,150,207,1797276
BR,2015,75-79,M,K81,124,164,1338548
BR,2015,80-84,F,K81,177,231,1184417
BR,2015,80-84,M,K81,94,132,782635
BR,2015,85+,F,K81,305,417,1018282
BR,2015,85+,M,K81,162,221,576597
BR,2016,0-4,F,K81,1,1,7176661
BR,2016,0-4,M,K81,1,2,7528358
BR,2016,10-14,F,K81,0,0,7692918
BR,2016,10-14,M,K81,0,0,8042608
BR,2016,15-19,F,K81,1,1,8368049
BR,2016,15-19,M,K81,1,2,8560703
BR,2016,20-24,F,K81,7,8,8455573
BR,2016,20-24,M,K81,1,4,8425652
BR,2016,25-29,F,K81,5,11,8432108
BR,2016,25-29,M,K81,5,5,8276979
BR,2016,30-34,F,K81,8,11,8708705
BR,2016,30-34,M,K81,6,10,8422136
BR,2016,35-39,F,K81,15,26,8298088
BR,2016,35-39,M,K81,12,17,7895670
BR,2016,40-44,F,K81,34,41,7235995
BR,2016,40-44,M,K81,15,24,6808566
BR,2016,45-49,F,K81,25,39,6703547
BR,2016,45-49,M,K81,31,47,6196500
BR,2016,5-9,F,K81,0,0,7159600
BR,2016,5-9,M,K81,0,0,7502714
BR,2016,50-54,F,K81,35,56,6252737
BR,2016,50-54,M,K81,25,45,5661175
BR,2016,55-59,F,K81,57,88,5389174
BR,2016,55-59,M,K81,46,78,4806321
BR,2016,60-64,F,K81,76,118,4387869
BR,2016,60-64,M,K81,62,98,3828330
BR,2016,65-69,F,K81,89,131,3381751
BR,2016,65-69,M,K81,86,130,2882026
BR,2016,70-74,F,K81,107,154,2468444
BR,2016,70-74,M,K81,98,140,2005387
BR,2016,75-79,F,K81,149,219,1845388
BR,2016,75-79,M,K81,115,154,1377290
BR,2016,80-84,F,K81,172,253,1226953
BR,2016,80-84,M,K81,88,129,814825
BR,2016,85+,F,K81,290,416,1057444
BR,2016,85+,M,K81,158,210,595681
BR,2017,0-4,F,K81,1,1,7148689
BR,2017,0-4,M,K81,1,1,7498483
BR,2017,10-14,F,K81,1,1,7561632
BR,2017,10-14,M,K81,1,1,7914826
BR,2017,15-19,F,K81,1,1,8241877
BR,2017,15-19,M,K81,2,2,8468595
BR,2017,20-24,F,K81,5,9,8428840
BR,2017,20-24,M,K81,5,6,8420617
BR,2017,25-29,F,K81,5,10,8352359
BR,2017,25-29,M,K81,1,2,8209257
BR,2017,30-34,F,K81,14,20,8663729
BR,2017,30-34,M,K81,5,11,8394253
BR,2017,35-39,F,K81,20,31,8450130
BR,2017,35-39,M,K81,11,18,8047502
BR,2017,40-44,F,K81,24,40,7389449
BR,2017,40-44,M,K81,14,24,6959431
BR,2017,45-49,F,K81,23,39,6766366
BR,2017,45-49,M,K81,18,32,6264462
BR,2017,5-9,F,K81,0,0,7117371
BR,2017,5-9,M,K81,0,0,7464194
BR,2017,50-54,F,K81,41,68,6348409
BR,2017,50-54,M,K81,28,51,5749790
BR,2017,55-59,F,K81,47,75,5549971
BR,2017,55-59,M,K81,36,63,4939435
BR,2017,60-64,F,K81,74,110,4550391
BR,2017,60-64,M,K81,72,98,3962951
BR,2017,65-69,F,K81,103,160,3530408
BR,2017,65-69,M,K81,76,104,2995964
BR,2017,70-74,F,K81,99,139,2581799
BR,2017,70-74,M,K81,105,149,2098178
BR,2017,75-79,F,K81,150,201,1890520
BR,2017,75-79,M,K81,119,166,1413441
BR,2017,80-84,F,K81,177,247,1274209
BR,2017,80-84,M,K81,119,158,851416
BR,2017,85+,F,K81,289,399,1097587
BR,2017,85+,M,K81,168,224,615026
BR,2018,0-4,F,K81,1,2,7143597
BR,2018,0-4,M,K81,1,1,7492920
BR,2018,10-14,F,K81,0,0,7447052
BR,2018,10-14,M,K81,1,1,7799222
BR,2018,15-19,F,K81,4,6,8091938
BR,2018,15-19,M,K81,1,2,8350778
BR,2018,20-24,F,K81,6,9,8384816
BR,2018,20-24,M,K81,2,4,8404960
BR,2018,25-29,F,K81,2,7,8295079
BR,2018,25-29,M,K81,2,2,8162951
BR,2018,30-34,F,K81,13,19,8588455
BR,2018,30-34,M,K81,7,12,8334848
BR,2018,35-39,F,K81,9,23,8550108
BR,2018,35-39,M,K81,6,13,8154840
BR,2018,40-44,F,K81,18,28,7576354
BR,2018,40-44,M,K81,10,17,7140283
BR,2018,45-49,F,K81,29,41,6839156
BR,2018,45-49,M,K81,18,28,6341828
BR,2018,5-9,F,K81,0,0,7084208
BR,2018,5-9,M,K81,0,0,7433861
BR,2018,50-54,F,K81,51,65,6426200
BR,2018,50-54,M,K81,31,45,5824734
BR,2018,55-59,F,K81,70,93,5703333
BR,2018,55-59,M,K81,62,84,5067999
BR,2018,60-64,F,K81,76,105,4712567
BR,2018,60-64,M,K81,60,91,4098554
BR,2018,65-69,F,K81,111,147,3681482
BR,2018,65-69,M,K81,94,134,3110989
BR,2018,70-74,F,K81,122,177,2707514
BR,2018,70-74,M,K81,107,151,2199247
BR,2018,75-79,F,K81,147,203,1938389
BR,2018,75-79,M,K81,104,157,1451821
BR,2018,80-84,F,K81,153,220,1323721
BR,2018,80-84,M,K81,111,161,890120
BR,2018,85+,F,K81,306,417,1139514
BR,2018,85+,M,K81,207,269,635600
BR,2019,0-4,F,K81,0,1,7111933
BR,2019,0-4,M,K81,1,3,7458700
BR,2019,10-14,F,K81,1,1,7348051
BR,2019,10-14,M,K81,1,1,7696334
BR,2019,15-19,F,K81,3,3,7936624
BR,2019,15-19,M,K81,1,1,8225283
BR,2019,20-24,F,K81,2,3,8347000
BR,2019,20-24,M,K81,2,3,8400832
BR,2019,25-29,F,K81,7,10,8272246
BR,2019,25-29,M,K81,6,10,8150148
BR,2019,30-34,F,K81,7,15,8493968
BR,2019,30-34,M,K81,5,7,8255517
BR,2019,35-39,F,K81,16,26,8608339
BR,2019,35-39,M,K81,6,16,8227095
BR,2019,40-44,F,K81,25,31,7792313
BR,2019,40-44,M,K81,11,17,7347141
BR,2019,45-49,F,K81,27,36,6922507
BR,2019,45-49,M,K81,19,28,6429381
BR,2019,5-9,F,K81,0,0,7077260
BR,2019,5-9,M,K81,0,0,7429405
BR,2019,50-54,F,K81,43,63,6487200
BR,2019,50-54,M,K81,38,55,5888136
BR,2019,55-59,F,K81,50,69,5850910
BR,2019,55-59,M,K81,46,67,5193015
BR,2019,60-64,F,K81,69,102,4874532
BR,2019,60-64,M,K81,65,92,4234251
BR,2019,65-69,F,K81,92,135,3834603
BR,2019,65-69,M,K81,79,120,3228543
BR,2019,70-74,F,K81,119,173,2840115
BR,2019,70-74,M,K81,105,142,2303522
BR,2019,75-79,F,K81,131,188,1996507
BR,2019,75-79,M,K81,144,208,1498484
BR,2019,80-84,F,K81,175,257,1371868
BR,2019,80-84,M,K81,113,151,927586
BR,2019,85+,F,K81,345,468,1182889
BR,2019,85+,M,K81,183,247,657861
BR,2020,0-4,F,K81,0,0,7004496
BR,2020,0-4,M,K81,1,1,7344834
BR,2020,10-14,F,K81,0,0,7243924
BR,2020,10-14,M,K81,0,0,7586218
BR,2020,15-19,F,K81,1,3,7788905
BR,2020,15-19,M,K81,0,2,8104148
BR,2020,20-24,F,K81,3,8,8306493
BR,2020,20-24,M,K81,1,2,8395653
BR,2020,25-29,F,K81,2,6,8277869
BR,2020,25-29,M,K81,2,5,8166249
BR,2020,30-34,F,K81,9,14,8396742
BR,2020,30-34,M,K81,10,14,8171638
BR,2020,35-39,F,K81,21,32,8628980
BR,2020,35-39,M,K81,10,14,8265086
BR,2020,40-44,F,K81,14,29,8014947
BR,2020,40-44,M,K81,17,28,7558885
BR,2020,45-49,F,K81,27,39,7021811
BR,2020,45-49,M,K81,18,28,6529986
BR,2020,5-9,F,K81,1,1,7126888
BR,2020,5-9,M,K81,0,0,7482351
BR,2020,50-54,F,K81,41,56,6537509
BR,2020,50-54,M,K81,18,30,5942314
BR,2020,55-59,F,K81,45,57,5984480
BR,2020,55-59,M,K81,49,73,5305040
BR,2020,60-64,F,K81,66,104,5031864
BR,2020,60-64,M,K81,65,84,4362080
BR,2020,65-69,F,K81,90,136,3985501
BR,2020,65-69,M,K81,85,123,3341603
BR,2020,70-74,F,K81,90,137,2971680
BR,2020,70-74,M,K81,102,146,2399939
BR,2020,75-79,F,K81,104,155,2066197
BR,2020,75-79,M,K81,114,159,1550880
BR,2020,80-84,F,K81,147,222,1413300
BR,2020,80-84,M,K81,131,180,957210
BR,2020,85+,F,K81,287,386,1222349
BR,2020,85+,M,K81,155,228,676840
BR,2021,0-4,F,K81,1,1,6884882
BR,2021,0-4,M,K81,0,0,7218022
BR,2021,10-14,F,K81,0,0,7154758
BR,2021,10-14,M,K81,1,1,7498838
BR,2021,15-19,F,K81,1,2,7667765
BR,2021,15-19,M,K81,0,0,7995489
BR,2021,20-24,F,K81,3,6,8234129
BR,2021,20-24,M,K81,2,5,8358863
BR,2021,25-29,F,K81,13,19,8285732
BR,2021,25-29,M,K81,7,11,8187192
BR,2021,30-34,F,K81,10,25,8308533
BR,2021,30-34,M,K81,6,9,8094262
BR,2021,35-39,F,K81,17,28,8614825
BR,2021,35-39,M,K81,18,23,8266906
BR,2021,40-44,F,K81,19,32,8210457
BR,2021,40-44,M,K81,12,16,7743738
BR,2021,45-49,F,K81,25,40,7140727
BR,2021,45-49,M,K81,18,36,6644267
BR,2021,5-9,F,K81,0,0,7141725
BR,2021,5-9,M,K81,0,1,7497165
BR,2021,50-54,F,K81,41,59,6582891
BR,2021,50-54,M,K81,40,58,5988829
BR,2021,55-59,F,K81,57,81,6090024
BR,2021,55-59,M,K81,45,76,5390506
BR,2021,60-64,F,K81,85,108,5178317
BR,2021,60-64,M,K81,75,109,4474584
BR,2021,65-69,F,K81,107,146,4125812
BR,2021,65-69,M,K81,100,149,3443378
BR,2021,70-74,F,K81,126,172,3095481
BR,2021,70-74,M,K81,122,161,2480412
BR,2021,75-79,F,K81,141,194,2143774
BR,2021,75-79,M,K81,122,170,1604453
BR,2021,80-84,F,K81,164,235,1441677
BR,2021,80-84,M,K81,112,154,974402
BR,2021,85+,F,K81,341,450,1251280
BR,2021,85+,M,K81,186,240,689547
BR,2022,0-4,F,K81,1,2,6748180
BR,2022,0-4,M,K81,0,1,7072657
BR,2022,10-14,F,K81,1,3,7113772
BR,2022,10-14,M,K81,0,0,7461557
BR,2022,15-19,F,K81,1,4,7535168
BR,2022,15-19,M,K81,0,0,7867241
BR,2022,20-24,F,K81,3,5,8119664
BR,2022,20-24,M,K81,4,5,8276952
BR,2022,25-29,F,K81,2,9,8274950
BR,2022,25-29,M,K81,4,5,8193145
BR,2022,30-34,F,K81,15,23,8239142
BR,2022,30-34,M,K81,6,9,8033827
BR,2022,35-39,F,K81,17,30,8574426
BR,2022,35-39,M,K81,8,15,8241075
BR,2022,40-44,F,K81,20,31,8361528
BR,2022,40-44,M,K81,25,33,7890594
BR,2022,45-49,F,K81,27,42,7289770
BR,2022,45-49,M,K81,15,28,6786555
BR,2022,5-9,F,K81,0,0,7117933
BR,2022,5-9,M,K81,0,0,7470215
BR,2022,50-54,F,K81,45,59,6640700
BR,2022,50-54,M,K81,43,64,6048475
BR,2022,55-59,F,K81,54,81,6176634
BR,2022,55-59,M,K81,46,67,5464324
BR,2022,60-64,F,K81,84,111,5325745
BR,2022,60-64,M,K81,73,100,4588721
BR,2022,65-69,F,K81,98,143,4268636
BR,2022,65-69,M,K81,94,131,3552696
BR,2022,70-74,F,K81,121,172,3221066
BR,2022,70-74,M,K81,135,169,2563397
BR,2022,75-79,F,K81,155,212,2234649
BR,2022,75-79,M,K81,135,178,1669303
BR,2022,80-84,F,K81,176,233,1466341
BR,2022,80-84,M,K81,126,156,989957
BR,2022,85+,F,K81,372,492,1279565
BR,2022,85+,M,K81,202,263,704423
BR,2023,0-4,F,K81,2,2,6553590
BR,2023,0-4,M,K81,2,2,6867652
BR,2023,10-14,F,K81,0,0,7082501
BR,2023,10-14,M,K81,0,0,7433007
BR,2023,15-19,F,K81,2,5,7418395
BR,2023,15-19,M,K81,2,2,7751015
BR,2023,20-24,F,K81,4,10,7974090
BR,2023,20-24,M,K81,2,5,8164085
BR,2023,25-29,F,K81,7,12,8248194
BR,2023,25-29,M,K81,1,4,8190619
BR,2023,30-34,F,K81,8,11,8196216
BR,2023,30-34,M,K81,8,10,7999287
BR,2023,35-39,F,K81,14,22,8508424
BR,2023,35-39,M,K81,7,13,8189931
BR,2023,40-44,F,K81,25,34,8465433
BR,2023,40-44,M,K81,14,21,8000280
BR,2023,45-49,F,K81,29,48,7477692
BR,2023,45-49,M,K81,14,23,6966824
BR,2023,5-9,F,K81,0,1,7119716
BR,2023,5-9,M,K81,0,1,7470029
BR,2023,50-54,F,K81,33,57,6714889
BR,2023,50-54,M,K81,39,58,6127370
BR,2023,55-59,F,K81,61,83,6255579
BR,2023,55-59,M,K81,57,81,5538849
BR,2023,60-64,F,K81,81,110,5476616
BR,2023,60-64,M,K81,68,106,4712064
BR,2023,65-69,F,K81,123,164,4424233
BR,2023,65-69,M,K81,111,146,3678399
BR,2023,70-74,F,K81,124,178,3358242
BR,2023,70-74,M,K81,130,176,2662432
BR,2023,75-79,F,K81,156,212,2344518
BR,2023,75-79,M,K81,141,191,1752057
BR,2023,80-84,F,K81,199,248,1501717
BR,2023,80-84,M,K81,140,174,1016004
BR,2023,85+,F,K81,344,468,1323560
BR,2023,85+,M,K81,206,265,731649
BR,2024,0-4,F,K81,2,2,6356612
BR,2024,0-4,M,K81,0,0,6661380
BR,2024,10-14,F,K81,0,0,7076552
BR,2024,10-14,M,K81,0,2,7429136
BR,2024,15-19,F,K81,1,1,7320566
BR,2024,15-19,M,K81,2,2,7651069
BR,2024,20-24,F,K81,3,3,7821129
BR,2024,20-24,M,K81,2,4,8044783
BR,2024,25-29,F,K81,1,5,8219079
BR,2024,25-29,M,K81,3,10,8193616
BR,2024,30-34,F,K81,2,7,8181015
BR,2024,30-34,M,K81,6,8,7992515
BR,2024,35-39,F,K81,23,36,8419411
BR,2024,35-39,M,K81,7,12,8115656
BR,2024,40-44,F,K81,22,29,8525842
BR,2024,40-44,M,K81,14,20,8073611
BR,2024,45-49,F,K81,28,43,7693627
BR,2024,45-49,M,K81,21,28,7171760
BR,2024,5-9,F,K81,0,0,7092027
BR,2024,5-9,M,K81,0,0,7439000
BR,2024,50-54,F,K81,29,49,6798626
BR,2024,50-54,M,K81,35,54,6215140
BR,2024,55-59,F,K81,61,83,6318206
BR,2024,55-59,M,K81,69,97,5603775
BR,2024,60-64,F,K81,86,119,5622638
BR,2024,60-64,M,K81,71,97,4833395
BR,2024,65-69,F,K81,110,146,4582309
BR,2024,65-69,M,K81,92,129,3806961
BR,2024,70-74,F,K81,123,163,3500843
BR,2024,70-74,M,K81,145,195,2768674
BR,2024,75-79,F,K81,168,227,2463099
BR,2024,75-79,M,K81,135,186,1840490
BR,2024,80-84,F,K81,200,250,1550505
BR,2024,80-84,M,K81,154,190,1053425
BR,2024,85+,F,K81,392,519,1379378
BR,2024,85+,M,K81,202,252,767900
US,2012,0-4,F,K81,0,0,9774041
US,2012,0-4,M,K81,0,0,10206895
US,2012,10-14,F,K81,0,0,10111589
US,2012,10-14,M,K81,0,0,10562254
US,2012,15-19,F,K81,0,2,10411033
US,2012,15-19,M,K81,0,0,10962987
US,2012,20-24,F,K81,2,3,11048703
US,2012,20-24,M,K81,0,1,11547696
US,2012,25-29,F,K81,4,6,10567537
US,2012,25-29,M,K81,3,6,10825742
US,2012,30-34,F,K81,2,4,10430149
US,2012,30-34,M,K81,5,8,10480606
US,2012,35-39,F,K81,3,4,9785513
US,2012,35-39,M,K81,6,13,9704768
US,2012,40-44,F,K81,5,11,10572858
US,2012,40-44,M,K81,4,15,10448571
US,2012,45-49,F,K81,9,20,10964652
US,2012,45-49,M,K81,11,32,10719658
US,2012,5-9,F,K81,0,0,10018115
US,2012,5-9,M,K81,0,0,10454564
US,2012,50-54,F,K81,27,50,11498699
US,2012,50-54,M,K81,20,53,11072956
US,2012,55-59,F,K81,28,67,10702819
US,2012,55-59,M,K81,35,77,10063422
US,2012,60-64,F,K81,38,78,9278588
US,2012,60-64,M,K81,60,117,8531036
US,2012,65-69,F,K81,64,125,7372870
US,2012,65-69,M,K81,70,137,6607248
US,2012,70-74,F,K81,83,140,5414881
US,2012,70-74,M,K81,93,159,4598264
US,2012,75-79,F,K81,108,203,4200910
US,2012,75-79,M,K81,127,231,3293616
US,2012,80-84,F,K81,170,272,3425248
US,2012,80-84,M,K81,193,324,2354010
US,2012,85+,F,K81,569,895,3902430
US,2012,85+,M,K81,304,542,1962734
US,2013,0-4,F,K81,0,0,9710523
US,2013,0-4,M,K81,0,0,10144661
US,2013,10-14,F,K81,0,0,10109744
US,2013,10-14,M,K81,1,1,10547243
US,2013,15-19,F,K81,0,0,10332561
US,2013,15-19,M,K81,0,0,10850915
US,2013,20-24,F,K81,1,6,11139145
US,2013,20-24,M,K81,0,1,11687700
US,2013,25-29,F,K81,3,3,10642006
US,2013,25-29,M,K81,2,3,10940347
US,2013,30-34,F,K81,4,7,10603284
US,2013,30-34,M,K81,4,7,10668769
US,2013,35-39,F,K81,5,13,9832348
US,2013,35-39,M,K81,3,7,9772347
US,2013,40-44,F,K81,4,12,10493518
US,2013,40-44,M,K81,9,19,10347955
US,2013,45-49,F,K81,15,37,10711713
US,2013,45-49,M,K81,9,28,10491199
US,2013,5-9,F,K81,0,0,10068928
US,2013,5-9,M,K81,0,0,10506663
US,2013,50-54,F,K81,16,48,11485360
US,2013,50-54,M,K81,24,57,11060993
US,2013,55-59,F,K81,25,54,10904047
US,2013,55-59,M,K81,36,84,10268546
US,2013,60-64,F,K81,36,79,9444556
US,2013,60-64,M,K81,49,99,8662539
US,2013,65-69,F,K81,58,111,7690162
US,2013,65-69,M,K81,106,171,6901813
US,2013,70-74,F,K81,108,170,5723763
US,2013,70-74,M,K81,108,168,4878749
US,2013,75-79,F,K81,121,225,4291752
US,2013,75-79,M,K81,136,258,3390044
US,2013,80-84,F,K81,197,321,3397838
US,2013,80-84,M,K81,188,315,2364502
US,2013,85+,F,K81,528,869,3964645
US,2013,85+,M,K81,376,589,2029069
US,2014,0-4,F,K81,1,1,9715944
US,2014,0-4,M,K81,0,0,10162862
US,2014,10-14,F,K81,0,0,10122728
US,2014,10-14,M,K81,0,0,10551032
US,2014,15-19,F,K81,1,4,10282180
US,2014,15-19,M,K81,0,2,10778182
US,2014,20-24,F,K81,0,1,11157116
US,2014,20-24,M,K81,0,2,11734876
US,2014,25-29,F,K81,1,3,10814504
US,2014,25-29,M,K81,2,2,11154019
US,2014,30-34,F,K81,2,8,10711000
US,2014,30-34,M,K81,3,10,10796288
US,2014,35-39,F,K81,3,9,9959734
US,2014,35-39,M,K81,2,8,9913940
US,2014,40-44,F,K81,8,13,10342116
US,2014,40-44,M,K81,4,10,10187508
US,2014,45-49,F,K81,5,19,10509217
US,2014,45-49,M,K81,15,39,10310760
US,2014,5-9,F,K81,0,1,10046117
US,2014,5-9,M,K81,0,0,10480153
US,2014,50-54,F,K81,17,37,11464466
US,2014,50-54,M,K81,27,61,11045022
US,2014,55-59,F,K81,38,70,11042238
US,2014,55-59,M,K81,44,84,10416082
US,2014,60-64,F,K81,47,89,9672090
US,2014,60-64,M,K81,62,118,8855150
US,2014,65-69,F,K81,65,110,8062323
US,2014,65-69,M,K81,98,177,7234673
US,2014,70-74,F,K81,81,151,5967007
US,2014,70-74,M,K81,122,213,5091435
US,2014,75-79,F,K81,137,211,4408952
US,2014,75-79,M,K81,125,243,3507421
US,2014,80-84,F,K81,196,296,3379011
US,2014,80-84,M,K81,173,299,2376937
US,2014,85+,F,K81,548,833,4033776
US,2014,85+,M,K81,378,596,2099470
US,2015,0-4,F,K81,0,0,9734572
US,2015,0-4,M,K81,0,0,10190134
US,2015,10-14,F,K81,0,1,10097361
US,2015,10-14,M,K81,0,0,10517252
US,2015,15-19,F,K81,1,1,10303239
US,2015,15-19,M,K81,0,0,10787033
US,2015,20-24,F,K81,0,2,11043025
US,2015,20-24,M,K81,1,1,11646473
US,2015,25-29,F,K81,4,7,11029349
US,2015,25-29,M,K81,2,6,11402007
US,2015,30-34,F,K81,2,5,10765946
US,2015,30-34,M,K81,3,6,10875937
US,2015,35-39,F,K81,2,5,10166224
US,2015,35-39,M,K81,5,8,10142245
US,2015,40-44,F,K81,5,13,10142266
US,2015,40-44,M,K81,7,13,9989891
US,2015,45-49,F,K81,9,29,10473254
US,2015,45-49,M,K81,8,27,10288356
US,2015,5-9,F,K81,0,0,10029953
US,2015,5-9,M,K81,0,0,10460866
US,2015,50-54,F,K81,29,47,11329624
US,2015,50-54,M,K81,31,51,10921871
US,2015,55-59,F,K81,25,58,11173781
US,2015,55-59,M,K81,54,107,10559735
US,2015,60-64,F,K81,53,101,9926854
US,2015,60-64,M,K81,63,125,9085876
US,2015,65-69,F,K81,72,126,8454324
US,2015,65-69,M,K81,110,189,7576768
US,2015,70-74,F,K81,97,163,6175400
US,2015,70-74,M,K81,145,240,5281726
US,2015,75-79,F,K81,145,239,4507381
US,2015,75-79,M,K81,178,283,3603446
US,2015,80-84,F,K81,180,282,3386269
US,2015,80-84,M,K81,196,309,2407460
US,2015,85+,F,K81,605,902,4093329
US,2015,85+,M,K81,397,619,2169767
US,2016,0-4,F,K81,1,1,9742528
US,2016,0-4,M,K81,0,0,10194209
US,2016,10-14,F,K81,0,0,10104766
US,2016,10-14,M,K81,0,0,10529234
US,2016,15-19,F,K81,0,1,10335334
US,2016,15-19,M,K81,1,2,10804809
US,2016,20-24,F,K81,3,3,10880883
US,2016,20-24,M,K81,0,0,11486770
US,2016,25-29,F,K81,4,5,11271329
US,2016,25-29,M,K81,3,5,11668343
US,2016,30-34,F,K81,3,4,10837503
US,2016,30-34,M,K81,7,11,10997952
US,2016,35-39,F,K81,7,9,10399494
US,2016,35-39,M,K81,7,9,10385679
US,2016,40-44,F,K81,7,10,9910118
US,2016,40-44,M,K81,5,9,9768609
US,2016,45-49,F,K81,15,33,10550885
US,2016,45-49,M,K81,20,38,10356168
US,2016,5-9,F,K81,0,0,10008005
US,2016,5-9,M,K81,0,0,10442552
US,2016,50-54,F,K81,23,40,11087512
US,2016,50-54,M,K81,36,58,10708723
US,2016,55-59,F,K81,29,62,11276769
US,2016,55-59,M,K81,44,86,10663988
US,2016,60-64,F,K81,52,101,10153415
US,2016,60-64,M,K81,72,133,9297699
US,2016,65-69,F,K81,80,127,8874413
US,2016,65-69,M,K81,114,208,7927580
US,2016,70-74,F,K81,84,170,6347009
US,2016,70-74,M,K81,131,225,5444125
US,2016,75-79,F,K81,153,235,4642235
US,2016,75-79,M,K81,158,272,3721492
US,2016,80-84,F,K81,172,276,3415481
US,2016,80-84,M,K81,208,341,2453136
US,2016,85+,F,K81,632,983,4148383
US,2016,85+,M,K81,438,683,2234625
US,2017,0-4,F,K81,0,1,9721892
US,2017,0-4,M,K81,0,1,10173124
US,2017,10-14,F,K81,0,0,10174304
US,2017,10-14,M,K81,0,0,10609152
US,2017,15-19,F,K81,1,1,10322453
US,2017,15-19,M,K81,1,1,10783133
US,2017,20-24,F,K81,2,5,10747498
US,2017,20-24,M,K81,0,1,11314113
US,2017,25-29,F,K81,4,7,11463708
US,2017,25-29,M,K81,2,7,11897087
US,2017,30-34,F,K81,4,11,10877130
US,2017,30-34,M,K81,2,7,11081933
US,2017,35-39,F,K81,5,10,10594335
US,2017,35-39,M,K81,5,13,10596983
US,2017,40-44,F,K81,9,14,9857600
US,2017,40-44,M,K81,12,18,9718987
US,2017,45-49,F,K81,10,20,10547318
US,2017,45-49,M,K81,12,35,10349982
US,2017,5-9,F,K81,0,1,9948106
US,2017,5-9,M,K81,0,0,10382200
US,2017,50-54,F,K81,24,49,10844299
US,2017,50-54,M,K81,37,70,10485450
US,2017,55-59,F,K81,33,65,11274831
US,2017,55-59,M,K81,61,107,10670828
US,2017,60-64,F,K81,61,104,10398926
US,2017,60-64,M,K81,73,124,9529117
US,2017,65-69,F,K81,86,145,8884407
US,2017,65-69,M,K81,107,188,7909189
US,2017,70-74,F,K81,97,166,6881542
US,2017,70-74,M,K81,139,267,5931096
US,2017,75-79,F,K81,140,228,4833186
US,2017,75-79,M,K81,188,303,3889506
US,2017,80-84,F,K81,178,298,3455501
US,2017,80-84,M,K81,227,363,2504286
US,2017,85+,F,K81,591,911,4181647
US,2017,85+,M,K81,475,749,2287279
US,2018,0-4,F,K81,0,0,9665926
US,2018,0-4,M,K81,0,0,10112601
US,2018,10-14,F,K81,0,0,10223894
US,2018,10-14,M,K81,0,0,10663948
US,2018,15-19,F,K81,2,3,10314076
US,2018,15-19,M,K81,0,0,10762990
US,2018,20-24,F,K81,1,4,10652877
US,2018,20-24,M,K81,0,2,11172233
US,2018,25-29,F,K81,2,3,11535821
US,2018,25-29,M,K81,1,3,12011397
US,2018,30-34,F,K81,3,9,10945565
US,2018,30-34,M,K81,2,7,11186277
US,2018,35-39,F,K81,8,17,10767228
US,2018,35-39,M,K81,5,14,10781732
US,2018,40-44,F,K81,13,25,9901383
US,2018,40-44,M,K81,6,16,9781751
US,2018,45-49,F,K81,8,24,10466104
US,2018,45-49,M,K81,15,29,10249333
US,2018,5-9,F,K81,0,0,9888217
US,2018,5-9,M,K81,0,0,10324741
US,2018,50-54,F,K81,21,43,10593345
US,2018,50-54,M,K81,21,58,10262878
US,2018,55-59,F,K81,34,75,11257833
US,2018,55-59,M,K81,62,119,10658259
US,2018,60-64,F,K81,53,105,10585539
US,2018,60-64,M,K81,68,132,9717646
US,2018,65-69,F,K81,79,146,9041390
US,2018,65-69,M,K81,95,191,8022909
US,2018,70-74,F,K81,112,206,7180687
US,2018,70-74,M,K81,157,247,6200020
US,2018,75-79,F,K81,123,219,5115395
US,2018,75-79,M,K81,169,310,4134784
US,2018,80-84,F,K81,190,312,3536898
US,2018,80-84,M,K81,210,361,2584496
US,2018,85+,F,K81,634,958,4205508
US,2018,85+,M,K81,467,688,2332518
US,2019,0-4,F,K81,0,0,9570073
US,2019,0-4,M,K81,0,1,10001266
US,2019,10-14,F,K81,1,1,10190891
US,2019,10-14,M,K81,0,0,10629162
US,2019,15-19,F,K81,0,0,10313575
US,2019,15-19,M,K81,0,0,10752848
US,2019,20-24,F,K81,0,0,10577124
US,2019,20-24,M,K81,1,1,11066850
US,2019,25-29,F,K81,2,4,11518714
US,2019,25-29,M,K81,2,4,12020738
US,2019,30-34,F,K81,0,3,11093732
US,2019,30-34,M,K81,5,8,11370500
US,2019,35-39,F,K81,5,7,10861340
US,2019,35-39,M,K81,4,17,10892543
US,2019,40-44,F,K81,6,16,10014341
US,2019,40-44,M,K81,13,25,9906220
US,2019,45-49,F,K81,13,27,10307804
US,2019,45-49,M,K81,17,34,10082635
US,2019,5-9,F,K81,0,0,9886447
US,2019,5-9,M,K81,0,0,10335306
US,2019,50-54,F,K81,19,38,10387588
US,2019,50-54,M,K81,19,54,10082296
US,2019,55-59,F,K81,38,75,11232044
US,2019,55-59,M,K81,43,89,10639047
US,2019,60-64,F,K81,75,116,10708826
US,2019,60-64,M,K81,86,153,9851308
US,2019,65-69,F,K81,69,120,9252566
US,2019,65-69,M,K81,119,208,8191801
US,2019,70-74,F,K81,113,191,7527818
US,2019,70-74,M,K81,159,276,6499159
US,2019,75-79,F,K81,153,250,5333117
US,2019,75-79,M,K81,175,316,4317707
US,2019,80-84,F,K81,199,311,3636357
US,2019,80-84,M,K81,213,358,2678743
US,2019,85+,F,K81,597,946,4225260
US,2019,85+,M,K81,449,694,2374207
US,2020,0-4,F,K81,0,0,9440135
US,2020,0-4,M,K81,0,0,9861157
US,2020,10-14,F,K81,0,1,10159455
US,2020,10-14,M,K81,0,0,10594968
US,2020,15-19,F,K81,1,1,10266332
US,2020,15-19,M,K81,0,0,10694597
US,2020,20-24,F,K81,0,0,10561909
US,2020,20-24,M,K81,1,2,11032846
US,2020,25-29,F,K81,0,2,11356117
US,2020,25-29,M,K81,2,5,11875126
US,2020,30-34,F,K81,4,12,11269150
US,2020,30-34,M,K81,1,3,11569253
US,2020,35-39,F,K81,7,12,10890716
US,2020,35-39,M,K81,7,17,10937588
US,2020,40-44,F,K81,12,22,10199608
US,2020,40-44,M,K81,9,24,10108280
US,2020,45-49,F,K81,15,27,10097702
US,2020,45-49,M,K81,13,39,9872904
US,2020,5-9,F,K81,0,0,9890958
US,2020,5-9,M,K81,0,1,10346753
US,2020,50-54,F,K81,31,57,10343739
US,2020,50-54,M,K81,30,60,10051788
US,2020,55-59,F,K81,38,81,11091171
US,2020,55-59,M,K81,59,119,10511928
US,2020,60-64,F,K81,57,110,10823072
US,2020,60-64,M,K81,94,165,9977506
US,2020,65-69,F,K81,91,165,9483316
US,2020,65-69,M,K81,122,242,8390351
US,2020,70-74,F,K81,123,218,7882542
US,2020,70-74,M,K81,174,317,6793189
US,2020,75-79,F,K81,141,248,5513149
US,2020,75-79,M,K81,210,374,4473684
US,2020,80-84,F,K81,204,328,3715123
US,2020,80-84,M,K81,261,401,2749591
US,2020,85+,F,K81,578,937,4243727
US,2020,85+,M,K81,427,731,2414693
US,2021,0-4,F,K81,0,0,9213282
US,2021,0-4,M,K81,0,0,9638924
US,2021,10-14,F,K81,0,0,10468966
US,2021,10-14,M,K81,0,1,10998343
US,2021,15-19,F,K81,0,1,10550956
US,2021,15-19,M,K81,0,0,11032075
US,2021,20-24,F,K81,0,0,10563847
US,2021,20-24,M,K81,2,3,10986668
US,2021,25-29,F,K81,0,8,11022779
US,2021,25-29,M,K81,1,4,11386632
US,2021,30-34,F,K81,6,13,11436751
US,2021,30-34,M,K81,6,10,11681024
US,2021,35-39,F,K81,6,17,11042908
US,2021,35-39,M,K81,9,29,11271318
US,2021,40-44,F,K81,7,18,10515899
US,2021,40-44,M,K81,10,22,10597422
US,2021,45-49,F,K81,13,30,9910370
US,2021,45-49,M,K81,13,41,9880380
US,2021,5-9,F,K81,0,0,9924515
US,2021,5-9,M,K81,0,0,10385783
US,2021,50-54,F,K81,25,60,10471707
US,2021,50-54,M,K81,28,76,10436367
US,2021,55-59,F,K81,44,90,10938806
US,2021,55-59,M,K81,49,126,10630482
US,2021,60-64,F,K81,61,124,10897299
US,2021,60-64,M,K81,93,188,10323993
US,2021,65-69,F,K81,111,210,9637672
US,2021,65-69,M,K81,156,290,8736147
US,2021,70-74,F,K81,152,257,8147119
US,2021,70-74,M,K81,249,411,7103881
US,2021,75-79,F,K81,177,304,5434012
US,2021,75-79,M,K81,273,453,4461789
US,2021,80-84,F,K81,213,342,3613724
US,2021,80-84,M,K81,234,428,2688870
US,2021,85+,F,K81,586,947,3865451
US,2021,85+,M,K81,541,850,2203599
US,2022,0-4,F,K81,0,0,9149470
US,2022,0-4,M,K81,0,0,9561484
US,2022,10-14,F,K81,0,0,10338140
US,2022,10-14,M,K81,0,0,10858115
US,2022,15-19,F,K81,1,2,10695953
US,2022,15-19,M,K81,2,2,11201441
US,2022,20-24,F,K81,4,6,10656544
US,2022,20-24,M,K81,4,5,11090066
US,2022,25-29,F,K81,1,5,10953339
US,2022,25-29,M,K81,1,4,11299481
US,2022,30-34,F,K81,5,15,11618816
US,2022,30-34,M,K81,2,13,11852898
US,2022,35-39,F,K81,5,17,11104338
US,2022,35-39,M,K81,5,12,11337479
US,2022,40-44,F,K81,13,30,10726881
US,2022,40-44,M,K81,10,24,10827504
US,2022,45-49,F,K81,5,23,9874888
US,2022,45-49,M,K81,21,50,9826556
US,2022,5-9,F,K81,0,0,9924379
US,2022,5-9,M,K81,0,0,10384438
US,2022,50-54,F,K81,19,44,10467562
US,2022,50-54,M,K81,25,67,10418054
US,2022,55-59,F,K81,42,84,10690530
US,2022,55-59,M,K81,53,144,10387713
US,2022,60-64,F,K81,75,128,10921606
US,2022,60-64,M,K81,88,204,10344609
US,2022,65-69,F,K81,85,175,9845120
US,2022,65-69,M,K81,143,264,8934330
US,2022,70-74,F,K81,145,271,8159247
US,2022,70-74,M,K81,226,381,7066013
US,2022,75-79,F,K81,178,303,5934586
US,2022,75-79,M,K81,253,455,4911106
US,2022,80-84,F,K81,240,379,3753023
US,2022,80-84,M,K81,256,453,2797365
US,2022,85+,F,K81,605,979,3866967
US,2022,85+,M,K81,469,791,2237280
US,2023,0-4,F,K81,0,0,9113709
US,2023,0-4,M,K81,0,2,9518688
US,2023,10-14,F,K81,0,1,10220382
US,2023,10-14,M,K81,0,0,10723279
US,2023,15-19,F,K81,0,0,10848970
US,2023,15-19,M,K81,0,0,11379103
US,2023,20-24,F,K81,0,1,10793698
US,2023,20-24,M,K81,0,1,11249749
US,2023,25-29,F,K81,4,9,10974079
US,2023,25-29,M,K81,0,5,11304143
US,2023,30-34,F,K81,2,11,11761144
US,2023,30-34,M,K81,6,12,12009251
US,2023,35-39,F,K81,2,10,11232482
US,2023,35-39,M,K81,6,17,11465154
US,2023,40-44,F,K81,5,19,10948511
US,2023,40-44,M,K81,8,24,11066810
US,2023,45-49,F,K81,12,26,9974556
US,2023,45-49,M,K81,13,27,9932362
US,2023,5-9,F,K81,0,0,9912913
US,2023,5-9,M,K81,0,0,10371140
US,2023,50-54,F,K81,29,52,10407373
US,2023,50-54,M,K81,19,58,10331257
US,2023,55-59,F,K81,39,75,10466862
US,2023,55-59,M,K81,61,107,10188050
US,2023,60-64,F,K81,97,166,10932221
US,2023,60-64,M,K81,112,205,10353638
US,2023,65-69,F,K81,96,203,10042785
US,2023,65-69,M,K81,143,266,9138341
US,2023,70-74,F,K81,147,277,8331148
US,2023,70-74,M,K81,197,350,7204482
US,2023,75-79,F,K81,183,339,6221182
US,2023,75-79,M,K81,276,480,5158922
US,2023,80-84,F,K81,212,351,3983828
US,2023,80-84,M,K81,297,512,2991466
US,2023,85+,F,K81,611,991,3934293
US,2023,85+,M,K81,537,854,2320260
US,2024,0-4,F,K81,0,0,9098271
US,2024,0-4,M,K81,1,1,9501043
US,2024,10-14,F,K81,0,0,10200006
US,2024,10-14,M,K81,0,0,10701148
US,2024,15-19,F,K81,1,1,10914056
US,2024,15-19,M,K81,0,0,11461769
US,2024,20-24,F,K81,1,3,10970121
US,2024,20-24,M,K81,1,1,11451815
US,2024,25-29,F,K81,1,10,11069140
US,2024,25-29,M,K81,3,8,11390736
US,2024,30-34,F,K81,5,9,11866273
US,2024,30-34,M,K81,8,19,12127715
US,2024,35-39,F,K81,8,16,11467859
US,2024,35-39,M,K81,4,13,11702213
US,2024,40-44,F,K81,13,24,11115417
US,2024,40-44,M,K81,12,26,11253735
US,2024,45-49,F,K81,12,23,10164244
US,2024,45-49,M,K81,12,31,10129805
US,2024,5-9,F,K81,0,0,9878030
US,2024,5-9,M,K81,0,1,10319642
US,2024,50-54,F,K81,22,47,10293667
US,2024,50-54,M,K81,33,80,10192640
US,2024,55-59,F,K81,50,84,10307943
US,2024,55-59,M,K81,48,104,10051985
US,2024,60-64,F,K81,74,161,10938774
US,2024,60-64,M,K81,101,190,10363023
US,2024,65-69,F,K81,108,222,10191886
US,2024,65-69,M,K81,129,249,9297585
US,2024,70-74,F,K81,144,273,8553407
US,2024,70-74,M,K81,202,373,7402084
US,2024,75-79,F,K81,215,362,6557458
US,2024,75-79,M,K81,291,500,5435868
US,2024,80-84,F,K81,222,382,4165424
US,2024,80-84,M,K81,310,506,3141063
US,2024,85+,F,K81,599,986,4021130
US,2024,85+,M,K81,484,812,2414013
BR,2012,0-4,F,K82,1,1,7153216
BR,2012,0-4,M,K82,0,0,7492554
BR,2012,10-14,F,K82,0,0,8285050
BR,2012,10-14,M,K82,0,0,8541075
BR,2012,15-19,F,K82,0,0,8589660
BR,2012,15-19,M,K82,0,1,8639928
BR,2012,20-24,F,K82,1,1,8531695
BR,2012,20-24,M,K82,0,2,8441064
BR,2012,25-29,F,K82,3,3,8792496
BR,2012,25-29,M,K82,1,2,8575592
BR,2012,30-34,F,K82,3,3,8544808
BR,2012,30-34,M,K82,1,2,8199033
BR,2012,35-39,F,K82,5,8,7470921
BR,2012,35-39,M,K82,2,4,7099826
BR,2012,40-44,F,K82,4,6,6855954
BR,2012,40-44,M,K82,5,8,6421655
BR,2012,45-49,F,K82,6,19,6462955
BR,2012,45-49,M,K82,4,7,5948125
BR,2012,5-9,F,K82,0,0,7569606
BR,2012,5-9,M,K82,0,0,7921789
BR,2012,50-54,F,K82,10,16,5695367
BR,2012,50-54,M,K82,5,7,5184257
BR,2012,55-59,F,K82,12,19,4730221
BR,2012,55-59,M,K82,6,11,4250290
BR,2012,60-64,F,K82,19,26,3745698
BR,2012,60-64,M,K82,10,22,3312928
BR,2012,65-69,F,K82,15,34,2818255
BR,2012,65-69,M,K82,12,24,2425459
BR,2012,70-74,F,K82,19,33,2176358
BR,2012,70-74,M,K82,14,27,1760793
BR,2012,75-79,F,K82,26,38,1628848
BR,2012,75-79,M,K82,6,19,1200455
BR,2012,80-84,F,K82,30,48,1080514
BR,2012,80-84,M,K82,14,20,712708
BR,2012,85+,F,K82,33,55,895787
BR,2012,85+,M,K82,14,28,515680
BR,2013,0-4,F,K82,0,0,7121178
BR,2013,0-4,M,K82,0,2,7463884
BR,2013,10-14,F,K82,0,1,8138707
BR,2013,10-14,M,K82,0,0,8426065
BR,2013,15-19,F,K82,0,0,8561467
BR,2013,15-19,M,K82,3,3,8644694
BR,2013,20-24,F,K82,0,1,8488814
BR,2013,20-24,M,K82,0,0,8412732
BR,2013,25-29,F,K82,1,2,8724932
BR,2013,25-29,M,K82,4,5,8524675
BR,2013,30-34,F,K82,2,3,8648899
BR,2013,30-34,M,K82,2,4,8310811
BR,2013,35-39,F,K82,2,5,7660500
BR,2013,35-39,M,K82,3,3,7282908
BR,2013,40-44,F,K82,5,9,6928918
BR,2013,40-44,M,K82,4,6,6497525
BR,2013,45-49,F,K82,6,12,6540506
BR,2013,45-49,M,K82,4,7,6021673
BR,2013,5-9,F,K82,0,0,7454699
BR,2013,5-9,M,K82,0,0,7805624
BR,2013,50-54,F,K82,8,13,5850019
BR,2013,50-54,M,K82,2,5,5313955
BR,2013,55-59,F,K82,15,21,4896250
BR,2013,55-59,M,K82,14,25,4391704
BR,2013,60-64,F,K82,11,21,3903087
BR,2013,60-64,M,K82,9,19,3437752
BR,2013,65-69,F,K82,19,27,2951155
BR,2013,65-69,M,K82,17,30,2536782
BR,2013,70-74,F,K82,30,35,2228456
BR,2013,70-74,M,K82,11,23,1804579
BR,2013,75-79,F,K82,24,40,1687030
BR,2013,75-79,M,K82,17,25,1248516
BR,2013,80-84,F,K82,32,42,1112004
BR,2013,80-84,M,K82,15,25,732403
BR,2013,85+,F,K82,31,57,937332
BR,2013,85+,M,K82,21,31,536467
BR,2014,0-4,F,K82,0,0,7115554
BR,2014,0-4,M,K82,0,2,7461659
BR,2014,10-14,F,K82,0,0,7978298
BR,2014,10-14,M,K82,0,0,8293387
BR,2014,15-19,F,K82,0,0,8523697
BR,2014,15-19,M,K82,0,1,8643609
BR,2014,20-24,F,K82,3,5,8471662
BR,2014,20-24,M,K82,0,1,8409991
BR,2014,25-29,F,K82,3,4,8633807
BR,2014,25-29,M,K82,1,3,8450017
BR,2014,30-34,F,K82,1,3,8708662
BR,2014,30-34,M,K82,0,0,8384967
BR,2014,35-39,F,K82,4,7,7877867
BR,2014,35-39,M,K82,3,3,7491084
BR,2014,40-44,F,K82,4,8,7011991
BR,2014,40-44,M,K82,3,4,6583218
BR,2014,45-49,F,K82,10,16,6600591
BR,2014,45-49,M,K82,4,5,6083062
BR,2014,5-9,F,K82,0,0,7355032
BR,2014,5-9,M,K82,0,0,7702044
BR,2014,50-54,F,K82,13,19,5998567
BR,2014,50-54,M,K82,5,12,5439538
BR,2014,55-59,F,K82,16,21,5061785
BR,2014,55-59,M,K82,8,11,4532346
BR,2014,60-64,F,K82,19,26,4063093
BR,2014,60-64,M,K82,12,23,3565197
BR,2014,65-69,F,K82,19,28,3091959
BR,2014,65-69,M,K82,10,20,2652529
BR,2014,70-74,F,K82,12,23,2291556
BR,2014,70-74,M,K82,18,29,1857771
BR,2014,75-79,F,K82,16,29,1743986
BR,2014,75-79,M,K82,23,35,1295242
BR,2014,80-84,F,K82,19,32,1146515
BR,2014,80-84,M,K82,15,18,755472
BR,2014,85+,F,K82,28,48,978399
BR,2014,85+,M,K82,12,25,556977
BR,2015,0-4,F,K82,0,1,7164367
BR,2015,0-4,M,K82,0,1,7515065
BR,2015,10-14,F,K82,0,0,7821067
BR,2015,10-14,M,K82,0,0,8160183
BR,2015,15-19,F,K82,2,2,8463413
BR,2015,15-19,M,K82,0,1,8620023
BR,2015,20-24,F,K82,0,0,8465532
BR,2015,20-24,M,K82,0,1,8418677
BR,2015,25-29,F,K82,1,1,8530001
BR,2015,25-29,M,K82,1,2,8361597
BR,2015,30-34,F,K82,2,5,8725993
BR,2015,30-34,M,K82,3,6,8420722
BR,2015,35-39,F,K82,2,4,8100207
BR,2015,35-39,M,K82,1,1,7703994
BR,2015,40-44,F,K82,6,12,7111549
BR,2015,40-44,M,K82,1,3,6684388
BR,2015,45-49,F,K82,8,17,6651191
BR,2015,45-49,M,K82,1,3,6138395
BR,2015,5-9,F,K82,0,0,7249887
BR,2015,5-9,M,K82,0,0,7591156
BR,2015,50-54,F,K82,9,14,6135162
BR,2015,50-54,M,K82,3,9,5556950
BR,2015,55-59,F,K82,6,13,5225990
BR,2015,55-59,M,K82,10,14,4670515
BR,2015,60-64,F,K82,15,21,4225128
BR,2015,60-64,M,K82,7,12,3695467
BR,2015,65-69,F,K82,22,37,3235883
BR,2015,65-69,M,K82,11,18,2768071
BR,2015,70-74,F,K82,19,34,2370932
BR,2015,70-74,M,K82,19,30,1924382
BR,2015,75-79,F,K82,30,46,1797276
BR,2015,75-79,M,K82,15,18,1338548
BR,2015,80-84,F,K82,22,33,1184417
BR,2015,80-84,M,K82,12,18,782635
BR,2015,85+,F,K82,28,47,1018282
BR,2015,85+,M,K82,12,23,576597
BR,2016,0-4,F,K82,0,0,7176661
BR,2016,0-4,M,K82,1,1,7528358
BR,2016,10-14,F,K82,0,0,7692918
BR,2016,10-14,M,K82,0,0,8042608
BR,2016,15-19,F,K82,1,1,8368049
BR,2016,15-19,M,K82,0,1,8560703
BR,2016,20-24,F,K82,1,2,8455573
BR,2016,20-24,M,K82,0,1,8425652
BR,2016,25-29,F,K82,1,2,8432108
BR,2016,25-29,M,K82,1,1,8276979
BR,2016,30-34,F,K82,2,5,8708705
BR,2016,30-34,M,K82,1,3,8422136
BR,2016,35-39,F,K82,4,5,8298088
BR,2016,35-39,M,K82,1,2,7895670
BR,2016,40-44,F,K82,7,10,7235995
BR,2016,40-44,M,K82,3,7,6808566
BR,2016,45-49,F,K82,11,18,6703547
BR,2016,45-49,M,K82,4,9,6196500
BR,2016,5-9,F,K82,0,0,7159600
BR,2016,5-9,M,K82,0,0,7502714
BR,2016,50-54,F,K82,9,19,6252737
BR,2016,50-54,M,K82,5,10,5661175
BR,2016,55-59,F,K82,18,29,5389174
BR,2016,55-59,M,K82,9,18,4806321
BR,2016,60-64,F,K82,13,17,4387869
BR,2016,60-64,M,K82,20,28,3828330
BR,2016,65-69,F,K82,21,30,3381751
BR,2016,65-69,M,K82,16,23,2882026
BR,2016,70-74,F,K82,19,28,2468444
BR,2016,70-74,M,K82,15,25,2005387
BR,2016,75-79,F,K82,21,37,1845388
BR,2016,75-79,M,K82,15,23,1377290
BR,2016,80-84,F,K82,25,48,1226953
BR,2016,80-84,M,K82,9,19,814825
BR,2016,85+,F,K82,30,54,1057444
BR,2016,85+,M,K82,23,35,595681
BR,2017,0-4,F,K82,3,3,7148689
BR,2017,0-4,M,K82,1,2,7498483
BR,2017,10-14,F,K82,0,0,7561632
BR,2017,10-14,M,K82,0,0,7914826
BR,2017,15-19,F,K82,0,0,8241877
BR,2017,15-19,M,K82,0,0,8468595
BR,2017,20-24,F,K82,1,2,8428840
BR,2017,20-24,M,K82,0,0,8420617
BR,2017,25-29,F,K82,1,1,8352359
BR,2017,25-29,M,K82,1,2,8209257
BR,2017,30-34,F,K82,3,4,8663729
BR,2017,30-34,M,K82,2,4,8394253
BR,2017,35-39,F,K82,3,6,8450130
BR,2017,35-39,M,K82,4,4,8047502
BR,2017,40-44,F,K82,1,6,7389449
BR,2017,40-44,M,K82,2,4,6959431
BR,2017,45-49,F,K82,11,13,6766366
BR,2017,45-49,M,K82,1,6,6264462
BR,2017,5-9,F,K82,0,0,7117371
BR,2017,5-9,M,K82,1,1,7464194
BR,2017,50-54,F,K82,10,16,6348409
BR,2017,50-54,M,K82,2,7,5749790
BR,2017,55-59,F,K82,10,17,5549971
BR,2017,55-59,M,K82,5,9,4939435
BR,2017,60-64,F,K82,16,27,4550391
BR,2017,60-64,M,K82,10,14,3962951
BR,2017,65-69,F,K82,18,31,3530408
BR,2017,65-69,M,K82,16,28,2995964
BR,2017,70-74,F,K82,27,42,2581799
BR,2017,70-74,M,K82,13,25,2098178
BR,2017,75-79,F,K82,22,36,1890520
BR,2017,75-79,M,K82,17,29,1413441
BR,2017,80-84,F,K82,18,29,1274209
BR,2017,80-84,M,K82,12,29,851416
BR,2017,85+,F,K82,28,51,1097587
BR,2017,85+,M,K82,20,25,615026
BR,2018,0-4,F,K82,0,1,7143597
BR,2018,0-4,M,K82,0,1,7492920
BR,2018,10-14,F,K82,0,0,7447052
BR,2018,10-14,M,K82,0,0,7799222
BR,2018,15-19,F,K82,1,1,8091938
BR,2018,15-19,M,K82,0,0,8350778
BR,2018,20-24,F,K82,1,2,8384816
BR,2018,20-24,M,K82,0,1,8404960
BR,2018,25-29,F,K82,1,1,8295079
BR,2018,25-29,M,K82,2,2,8162951
BR,2018,30-34,F,K82,2,3,8588455
BR,2018,30-34,M,K82,2,2,8334848
BR,2018,35-39,F,K82,1,2,8550108
BR,2018,35-39,M,K82,2,6,8154840
BR,2018,40-44,F,K82,5,8,7576354
BR,2018,40-44,M,K82,4,5,7140283
BR,2018,45-49,F,K82,8,13,6839156
BR,2018,45-49,M,K82,2,3,6341828
BR,2018,5-9,F,K82,1,1,7084208
BR,2018,5-9,M,K82,0,0,7433861
BR,2018,50-54,F,K82,5,15,6426200
BR,2018,50-54,M,K82,9,11,5824734
BR,2018,55-59,F,K82,10,16,5703333
BR,2018,55-59,M,K82,12,15,5067999
BR,2018,60-64,F,K82,11,21,4712567
BR,2018,60-64,M,K82,7,14,4098554
BR,2018,65-69,F,K82,17,27,3681482
BR,2018,65-69,M,K82,12,19,3110989
BR,2018,70-74,F,K82,21,32,2707514
BR,2018,70-74,M,K82,20,32,2199247
BR,2018,75-79,F,K82,16,31,1938389
BR,2018,75-79,M,K82,19,35,1451821
BR,2018,80-84,F,K82,18,30,1323721
BR,2018,80-84,M,K82,14,27,890120
BR,2018,85+,F,K82,33,56,1139514
BR,2018,85+,M,K82,10,16,635600
BR,2019,0-4,F,K82,0,0,7111933
BR,2019,0-4,M,K82,1,1,7458700
BR,2019,10-14,F,K82,0,0,7348051
BR,2019,10-14,M,K82,0,0,7696334
BR,2019,15-19,F,K82,0,1,7936624
BR,2019,15-19,M,K82,0,0,8225283
BR,2019,20-24,F,K82,2,3,8347000
BR,2019,20-24,M,K82,0,0,8400832
BR,2019,25-29,F,K82,3,4,8272246
BR,2019,25-29,M,K82,2,2,8150148
BR,2019,30-34,F,K82,0,0,8493968
BR,2019,30-34,M,K82,0,1,8255517
BR,2019,35-39,F,K82,5,5,8608339
BR,2019,35-39,M,K82,2,3,8227095
BR,2019,40-44,F,K82,3,8,7792313
BR,2019,40-44,M,K82,2,6,7347141
BR,2019,45-49,F,K82,7,12,6922507
BR,2019,45-49,M,K82,4,11,6429381
BR,2019,5-9,F,K82,0,0,7077260
BR,2019,5-9,M,K82,0,0,7429405
BR,2019,50-54,F,K82,11,18,6487200
BR,2019,50-54,M,K82,9,12,5888136
BR,2019,55-59,F,K82,9,12,5850910
BR,2019,55-59,M,K82,11,19,5193015
BR,2019,60-64,F,K82,16,25,4874532
BR,2019,60-64,M,K82,16,28,4234251
BR,2019,65-69,F,K82,15,34,3834603
BR,2019,65-69,M,K82,8,23,3228543
BR,2019,70-74,F,K82,20,35,2840115
BR,2019,70-74,M,K82,20,33,2303522
BR,2019,75-79,F,K82,19,37,1996507
BR,2019,75-79,M,K82,16,33,1498484
BR,2019,80-84,F,K82,14,27,1371868
BR,2019,80-84,M,K82,18,29,927586
BR,2019,85+,F,K82,30,59,1182889
BR,2019,85+,M,K82,19,29,657861
BR,2020,0-4,F,K82,0,0,7004496
BR,2020,0-4,M,K82,0,0,7344834
BR,2020,10-14,F,K82,0,0,7243924
BR,2020,10-14,M,K82,0,0,7586218
BR,2020,15-19,F,K82,1,3,7788905
BR,2020,15-19,M,K82,0,0,8104148
BR,2020,20-24,F,K82,2,2,8306493
BR,2020,20-24,M,K82,0,0,8395653
BR,2020,25-29,F,K82,1,3,8277869
BR,2020,25-29,M,K82,0,0,8166249
BR,2020,30-34,F,K82,3,5,8396742
BR,2020,30-34,M,K82,1,3,8171638
BR,2020,35-39,F,K82,2,4,8628980
BR,2020,35-39,M,K82,1,2,8265086
BR,2020,40-44,F,K82,6,8,8014947
BR,2020,40-44,M,K82,3,4,7558885
BR,2020,45-49,F,K82,5,7,7021811
BR,2020,45-49,M,K82,2,3,6529986
BR,2020,5-9,F,K82,0,0,7126888
BR,2020,5-9,M,K82,0,0,7482351
BR,2020,50-54,F,K82,3,6,6537509
BR,2020,50-54,M,K82,3,7,5942314
BR,2020,55-59,F,K82,10,16,5984480
BR,2020,55-59,M,K82,1,10,5305040
BR,2020,60-64,F,K82,11,18,5031864
BR,2020,60-64,M,K82,8,16,4362080
BR,2020,65-69,F,K82,11,26,3985501
BR,2020,65-69,M,K82,10,26,3341603
BR,2020,70-74,F,K82,15,20,2971680
BR,2020,70-74,M,K82,14,29,2399939
BR,2020,75-79,F,K82,22,37,2066197
BR,2020,75-79,M,K82,9,23,1550880
BR,2020,80-84,F,K82,20,32,1413300
BR,2020,80-84,M,K82,12,24,957210
BR,2020,85+,F,K82,17,34,1222349
BR,2020,85+,M,K82,14,28,676840
BR,2021,0-4,F,K82,1,1,6884882
BR,2021,0-4,M,K82,1,2,7218022
BR,2021,10-14,F,K82,0,0,7154758
BR,2021,10-14,M,K82,0,0,7498838
BR,2021,15-19,F,K82,0,0,7667765
BR,2021,15-19,M,K82,0,0,7995489
BR,2021,20-24,F,K82,1,2,8234129
BR,2021,20-24,M,K82,0,1,8358863
BR,2021,25-29,F,K82,0,1,8285732
BR,2021,25-29,M,K82,2,2,8187192
BR,2021,30-34,F,K82,1,1,8308533
BR,2021,30-34,M,K82,1,4,8094262
BR,2021,35-39,F,K82,1,2,8614825
BR,2021,35-39,M,K82,3,7,8266906
BR,2021,40-44,F,K82,2,6,8210457
BR,2021,40-44,M,K82,4,7,7743738
BR,2021,45-49,F,K82,4,7,7140727
BR,2021,45-49,M,K82,1,2,6644267
BR,2021,5-9,F,K82,0,0,7141725
BR,2021,5-9,M,K82,0,0,7497165
BR,2021,50-54,F,K82,3,8,6582891
BR,2021,50-54,M,K82,7,10,5988829
BR,2021,55-59,F,K82,12,19,6090024
BR,2021,55-59,M,K82,7,15,5390506
BR,2021,60-64,F,K82,5,11,5178317
BR,2021,60-64,M,K82,7,20,4474584
BR,2021,65-69,F,K82,12,23,4125812
BR,2021,65-69,M,K82,6,18,3443378
BR,2021,70-74,F,K82,12,30,3095481
BR,2021,70-74,M,K82,11,21,2480412
BR,2021,75-79,F,K82,20,31,2143774
BR,2021,75-79,M,K82,12,24,1604453
BR,2021,80-84,F,K82,21,34,1441677
BR,2021,80-84,M,K82,13,22,974402
BR,2021,85+,F,K82,27,48,1251280
BR,2021,85+,M,K82,18,32,689547
BR,2022,0-4,F,K82,1,1,6748180
BR,2022,0-4,M,K82,0,1,7072657
BR,2022,10-14,F,K82,0,0,7113772
BR,2022,10-14,M,K82,0,0,7461557
BR,2022,15-19,F,K82,1,1,7535168
BR,2022,15-19,M,K82,0,0,7867241
BR,2022,20-24,F,K82,0,2,8119664
BR,2022,20-24,M,K82,0,0,8276952
BR,2022,25-29,F,K82,0,0,8274950
BR,2022,25-29,M,K82,1,1,8193145
BR,2022,30-34,F,K82,0,1,8239142
BR,2022,30-34,M,K82,2,2,8033827
BR,2022,35-39,F,K82,4,7,8574426
BR,2022,35-39,M,K82,4,6,8241075
BR,2022,40-44,F,K82,4,10,8361528
BR,2022,40-44,M,K82,3,8,7890594
BR,2022,45-49,F,K82,6,13,7289770
BR,2022,45-49,M,K82,0,3,6786555
BR,2022,5-9,F,K82,0,0,7117933
BR,2022,5-9,M,K82,0,0,7470215
BR,2022,50-54,F,K82,5,6,6640700
BR,2022,50-54,M,K82,4,8,6048475
BR,2022,55-59,F,K82,11,22,6176634
BR,2022,55-59,M,K82,3,12,5464324
BR,2022,60-64,F,K82,15,28,5325745
BR,2022,60-64,M,K82,16,24,4588721
BR,2022,65-69,F,K82,17,35,4268636
BR,2022,65-69,M,K82,15,32,3552696
BR,2022,70-74,F,K82,22,35,3221066
BR,2022,70-74,M,K82,16,27,2563397
BR,2022,75-79,F,K82,17,31,2234649
BR,2022,75-79,M,K82,13,29,1669303
BR,2022,80-84,F,K82,17,35,1466341
BR,2022,80-84,M,K82,12,23,989957
BR,2022,85+,F,K82,29,52,1279565
BR,2022,85+,M,K82,15,25,704423
BR,2023,0-4,F,K82,1,1,6553590
BR,2023,0-4,M,K82,0,0,6867652
BR,2023,10-14,F,K82,1,2,7082501
BR,2023,10-14,M,K82,0,0,7433007
BR,2023,15-19,F,K82,1,1,7418395
BR,2023,15-19,M,K82,0,1,7751015
BR,2023,20-24,F,K82,1,1,7974090
BR,2023,20-24,M,K82,1,1,8164085
BR,2023,25-29,F,K82,1,2,8248194
BR,2023,25-29,M,K82,3,3,8190619
BR,2023,30-34,F,K82,3,5,8196216
BR,2023,30-34,M,K82,0,0,7999287
BR,2023,35-39,F,K82,4,9,8508424
BR,2023,35-39,M,K82,1,1,8189931
BR,2023,40-44,F,K82,9,11,8465433
BR,2023,40-44,M,K82,3,6,8000280
BR,2023,45-49,F,K82,6,14,7477692
BR,2023,45-49,M,K82,4,6,6966824
BR,2023,5-9,F,K82,0,0,7119716
BR,2023,5-9,M,K82,0,0,7470029
BR,2023,50-54,F,K82,8,12,6714889
BR,2023,50-54,M,K82,7,16,6127370
BR,2023,55-59,F,K82,10,24,6255579
BR,2023,55-59,M,K82,5,12,5538849
BR,2023,60-64,F,K82,12,30,5476616
BR,2023,60-64,M,K82,11,25,4712064
BR,2023,65-69,F,K82,17,36,4424233
BR,2023,65-69,M,K82,15,24,3678399
BR,2023,70-74,F,K82,22,38,3358242
BR,2023,70-74,M,K82,18,39,2662432
BR,2023,75-79,F,K82,18,37,2344518
BR,2023,75-79,M,K82,15,24,1752057
BR,2023,80-84,F,K82,21,33,1501717
BR,2023,80-84,M,K82,18,32,1016004
BR,2023,85+,F,K82,31,45,1323560
BR,2023,85+,M,K82,17,35,731649
BR,2024,0-4,F,K82,0,0,6356612
BR,2024,0-4,M,K82,0,1,6661380
BR,2024,10-14,F,K82,0,0,7076552
BR,2024,10-14,M,K82,0,0,7429136
BR,2024,15-19,F,K82,0,0,7320566
BR,2024,15-19,M,K82,0,1,7651069
BR,2024,20-24,F,K82,0,3,7821129
BR,2024,20-24,M,K82,1,2,8044783
BR,2024,25-29,F,K82,1,2,8219079
BR,2024,25-29,M,K82,1,2,8193616
BR,2024,30-34,F,K82,1,3,8181015
BR,2024,30-34,M,K82,1,5,7992515
BR,2024,35-39,F,K82,3,6,8419411
BR,2024,35-39,M,K82,1,1,8115656
BR,2024,40-44,F,K82,4,9,8525842
BR,2024,40-44,M,K82,1,4,8073611
BR,2024,45-49,F,K82,2,8,7693627
BR,2024,45-49,M,K82,7,13,7171760
BR,2024,5-9,F,K82,0,0,7092027
BR,2024,5-9,M,K82,0,0,7439000
BR,2024,50-54,F,K82,4,15,6798626
BR,2024,50-54,M,K82,6,11,6215140
BR,2024,55-59,F,K82,7,15,6318206
BR,2024,55-59,M,K82,9,20,5603775
BR,2024,60-64,F,K82,9,26,5622638
BR,2024,60-64,M,K82,7,25,4833395
BR,2024,65-69,F,K82,18,27,4582309
BR,2024,65-69,M,K82,16,36,3806961
BR,2024,70-74,F,K82,18,34,3500843
BR,2024,70-74,M,K82,17,34,2768674
BR,2024,75-79,F,K82,24,40,2463099
BR,2024,75-79,M,K82,19,39,1840490
BR,2024,80-84,F,K82,19,32,1550505
BR,2024,80-84,M,K82,11,22,1053425
BR,2024,85+,F,K82,20,44,1379378
BR,2024,85+,M,K82,16,29,767900
US,2012,0-4,F,K82,0,0,9774041
US,2012,0-4,M,K82,0,0,10206895
US,2012,10-14,F,K82,0,0,10111589
US,2012,10-14,M,K82,0,0,10562254
US,2012,15-19,F,K82,0,1,10411033
US,2012,15-19,M,K82,0,0,10962987
US,2012,20-24,F,K82,0,3,11048703
US,2012,20-24,M,K82,3,3,11547696
US,2012,25-29,F,K82,2,3,10567537
US,2012,25-29,M,K82,1,4,10825742
US,2012,30-34,F,K82,0,1,10430149
US,2012,30-34,M,K82,1,3,10480606
US,2012,35-39,F,K82,0,2,9785513
US,2012,35-39,M,K82,1,4,9704768
US,2012,40-44,F,K82,0,4,10572858
US,2012,40-44,M,K82,2,7,10448571
US,2012,45-49,F,K82,2,10,10964652
US,2012,45-49,M,K82,3,9,10719658
US,2012,5-9,F,K82,0,0,10018115
US,2012,5-9,M,K82,0,0,10454564
US,2012,50-54,F,K82,5,18,11498699
US,2012,50-54,M,K82,6,18,11072956
US,2012,55-59,F,K82,5,16,10702819
US,2012,55-59,M,K82,14,32,10063422
US,2012,60-64,F,K82,11,31,9278588
US,2012,60-64,M,K82,11,29,8531036
US,2012,65-69,F,K82,8,31,7372870
US,2012,65-69,M,K82,9,32,6607248
US,2012,70-74,F,K82,13,37,5414881
US,2012,70-74,M,K82,6,41,4598264
US,2012,75-79,F,K82,9,29,4200910
US,2012,75-79,M,K82,18,54,3293616
US,2012,80-84,F,K82,21,60,3425248
US,2012,80-84,M,K82,18,49,2354010
US,2012,85+,F,K82,59,146,3902430
US,2012,85+,M,K82,24,77,1962734
US,2013,0-4,F,K82,0,0,9710523
US,2013,0-4,M,K82,0,1,10144661
US,2013,10-14,F,K82,0,0,10109744
US,2013,10-14,M,K82,0,0,10547243
US,2013,15-19,F,K82,0,2,10332561
US,2013,15-19,M,K82,0,0,10850915
US,2013,20-24,F,K82,0,0,11139145
US,2013,20-24,M,K82,1,2,11687700
US,2013,25-29,F,K82,2,2,10642006
US,2013,25-29,M,K82,0,1,10940347
US,2013,30-34,F,K82,2,4,10603284
US,2013,30-34,M,K82,0,1,10668769
US,2013,35-39,F,K82,1,1,9832348
US,2013,35-39,M,K82,1,2,9772347
US,2013,40-44,F,K82,0,2,10493518
US,2013,40-44,M,K82,0,6,10347955
US,2013,45-49,F,K82,2,5,10711713
US,2013,45-49,M,K82,4,9,10491199
US,2013,5-9,F,K82,0,0,10068928
US,2013,5-9,M,K82,0,0,10506663
US,2013,50-54,F,K82,1,14,11485360
US,2013,50-54,M,K82,3,10,11060993
US,2013,55-59,F,K82,2,14,10904047
US,2013,55-59,M,K82,10,28,10268546
US,2013,60-64,F,K82,7,25,9444556
US,2013,60-64,M,K82,6,26,8662539
US,2013,65-69,F,K82,10,33,7690162
US,2013,65-69,M,K82,15,42,6901813
US,2013,70-74,F,K82,6,34,5723763
US,2013,70-74,M,K82,14,37,4878749
US,2013,75-79,F,K82,25,46,4291752
US,2013,75-79,M,K82,12,37,3390044
US,2013,80-84,F,K82,17,49,3397838
US,2013,80-84,M,K82,30,60,2364502
US,2013,85+,F,K82,49,123,3964645
US,2013,85+,M,K82,37,72,2029069
US,2014,0-4,F,K82,0,0,9715944
US,2014,0-4,M,K82,0,2,10162862
US,2014,10-14,F,K82,0,0,10122728
US,2014,10-14,M,K82,0,0,10551032
US,2014,15-19,F,K82,1,1,10282180
US,2014,15-19,M,K82,1,1,10778182
US,2014,20-24,F,K82,0,1,11157116
US,2014,20-24,M,K82,1,1,11734876
US,2014,25-29,F,K82,0,0,10814504
US,2014,25-29,M,K82,0,0,11154019
US,2014,30-34,F,K82,2,2,10711000
US,2014,30-34,M,K82,0,0,10796288
US,2014,35-39,F,K82,1,1,9959734
US,2014,35-39,M,K82,1,3,9913940
US,2014,40-44,F,K82,3,9,10342116
US,2014,40-44,M,K82,2,4,10187508
US,2014,45-49,F,K82,6,12,10509217
US,2014,45-49,M,K82,7,17,10310760
US,2014,5-9,F,K82,0,0,10046117
US,2014,5-9,M,K82,0,0,10480153
US,2014,50-54,F,K82,7,24,11464466
US,2014,50-54,M,K82,5,18,11045022
US,2014,55-59,F,K82,4,17,11042238
US,2014,55-59,M,K82,7,25,10416082
US,2014,60-64,F,K82,6,24,9672090
US,2014,60-64,M,K82,11,28,8855150
US,2014,65-69,F,K82,12,40,8062323
US,2014,65-69,M,K82,11,36,7234673
US,2014,70-74,F,K82,15,45,5967007
US,2014,70-74,M,K82,18,42,5091435
US,2014,75-79,F,K82,10,37,4408952
US,2014,75-79,M,K82,15,58,3507421
US,2014,80-84,F,K82,24,50,3379011
US,2014,80-84,M,K82,23,63,2376937
US,2014,85+,F,K82,49,132,4033776
US,2014,85+,M,K82,26,84,2099470
US,2015,0-4,F,K82,0,0,9734572
US,2015,0-4,M,K82,0,1,10190134
US,2015,10-14,F,K82,0,0,10097361
US,2015,10-14,M,K82,0,0,10517252
US,2015,15-19,F,K82,1,1,10303239
US,2015,15-19,M,K82,0,0,10787033
US,2015,20-24,F,K82,1,3,11043025
US,2015,20-24,M,K82,0,0,11646473
US,2015,25-29,F,K82,1,3,11029349
US,2015,25-29,M,K82,0,1,11402007
US,2015,30-34,F,K82,1,2,10765946
US,2015,30-34,M,K82,0,1,10875937
US,2015,35-39,F,K82,2,4,10166224
US,2015,35-39,M,K82,0,1,10142245
US,2015,40-44,F,K82,2,5,10142266
US,2015,40-44,M,K82,2,4,9989891
US,2015,45-49,F,K82,0,1,10473254
US,2015,45-49,M,K82,2,6,10288356
US,2015,5-9,F,K82,0,0,10029953
US,2015,5-9,M,K82,0,0,10460866
US,2015,50-54,F,K82,9,18,11329624
US,2015,50-54,M,K82,2,10,10921871
US,2015,55-59,F,K82,8,23,11173781
US,2015,55-59,M,K82,3,24,10559735
US,2015,60-64,F,K82,11,34,9926854
US,2015,60-64,M,K82,12,45,9085876
US,2015,65-69,F,K82,4,33,8454324
US,2015,65-69,M,K82,15,44,7576768
US,2015,70-74,F,K82,15,43,6175400
US,2015,70-74,M,K82,18,50,5281726
US,2015,75-79,F,K82,13,48,4507381
US,2015,75-79,M,K82,18,41,3603446
US,2015,80-84,F,K82,20,48,3386269
US,2015,80-84,M,K82,14,35,2407460
US,2015,85+,F,K82,47,117,4093329
US,2015,85+,M,K82,37,87,2169767
US,2016,0-4,F,K82,0,1,9742528
US,2016,0-4,M,K82,0,2,10194209
US,2016,10-14,F,K82,0,0,10104766
US,2016,10-14,M,K82,0,0,10529234
US,2016,15-19,F,K82,0,0,10335334
US,2016,15-19,M,K82,0,0,10804809
US,2016,20-24,F,K82,0,0,10880883
US,2016,20-24,M,K82,1,2,11486770
US,2016,25-29,F,K82,1,2,11271329
US,2016,25-29,M,K82,2,2,11668343
US,2016,30-34,F,K82,0,2,10837503
US,2016,30-34,M,K82,0,1,10997952
US,2016,35-39,F,K82,3,5,10399494
US,2016,35-39,M,K82,1,2,10385679
US,2016,40-44,F,K82,3,5,9910118
US,2016,40-44,M,K82,1,6,9768609
US,2016,45-49,F,K82,5,11,10550885
US,2016,45-49,M,K82,4,11,10356168
US,2016,5-9,F,K82,0,0,10008005
US,2016,5-9,M,K82,0,0,10442552
US,2016,50-54,F,K82,6,14,11087512
US,2016,50-54,M,K82,3,10,10708723
US,2016,55-59,F,K82,9,23,11276769
US,2016,55-59,M,K82,10,23,10663988
US,2016,60-64,F,K82,10,20,10153415
US,2016,60-64,M,K82,13,30,9297699
US,2016,65-69,F,K82,6,31,8874413
US,2016,65-69,M,K82,17,50,7927580
US,2016,70-74,F,K82,14,42,6347009
US,2016,70-74,M,K82,12,35,5444125
US,2016,75-79,F,K82,14,41,4642235
US,2016,75-79,M,K82,8,41,3721492
US,2016,80-84,F,K82,16,49,3415481
US,2016,80-84,M,K82,22,58,2453136
US,2016,85+,F,K82,54,115,4148383
US,2016,85+,M,K82,28,68,2234625
US,2017,0-4,F,K82,0,0,9721892
US,2017,0-4,M,K82,0,1,10173124
US,2017,10-14,F,K82,0,0,10174304
US,2017,10-14,M,K82,0,0,10609152
US,2017,15-19,F,K82,0,0,10322453
US,2017,15-19,M,K82,0,1,10783133
US,2017,20-24,F,K82,3,3,10747498
US,2017,20-24,M,K82,0,1,11314113
US,2017,25-29,F,K82,1,2,11463708
US,2017,25-29,M,K82,0,0,11897087
US,2017,30-34,F,K82,1,2,10877130
US,2017,30-34,M,K82,1,2,11081933
US,2017,35-39,F,K82,2,6,10594335
US,2017,35-39,M,K82,0,4,10596983
US,2017,40-44,F,K82,1,7,9857600
US,2017,40-44,M,K82,0,2,9718987
US,2017,45-49,F,K82,1,1,10547318
US,2017,45-49,M,K82,4,9,10349982
US,2017,5-9,F,K82,0,0,9948106
US,2017,5-9,M,K82,0,0,10382200
US,2017,50-54,F,K82,2,13,10844299
US,2017,50-54,M,K82,6,20,10485450
US,2017,55-59,F,K82,4,15,11274831
US,2017,55-59,M,K82,8,24,10670828
US,2017,60-64,F,K82,7,30,10398926
US,2017,60-64,M,K82,6,19,9529117
US,2017,65-69,F,K82,14,34,8884407
US,2017,65-69,M,K82,10,34,7909189
US,2017,70-74,F,K82,12,42,6881542
US,2017,70-74,M,K82,16,46,5931096
US,2017,75-79,F,K82,16,46,4833186
US,2017,75-79,M,K82,18,50,3889506
US,2017,80-84,F,K82,12,40,3455501
US,2017,80-84,M,K82,16,43,2504286
US,2017,85+,F,K82,55,111,4181647
US,2017,85+,M,K82,18,68,2287279
US,2018,0-4,F,K82,0,0,9665926
US,2018,0-4,M,K82,1,1,10112601
US,2018,10-14,F,K82,0,0,10223894
US,2018,10-14,M,K82,1,1,10663948
US,2018,15-19,F,K82,0,0,10314076
US,2018,15-19,M,K82,0,0,10762990
US,2018,20-24,F,K82,1,3,10652877
US,2018,20-24,M,K82,0,0,11172233
US,2018,25-29,F,K82,0,1,11535821
US,2018,25-29,M,K82,1,2,12011397
US,2018,30-34,F,K82,1,4,10945565
US,2018,30-34,M,K82,0,1,11186277
US,2018,35-39,F,K82,1,8,10767228
US,2018,35-39,M,K82,0,3,10781732
US,2018,40-44,F,K82,2,9,9901383
US,2018,40-44,M,K82,3,8,9781751
US,2018,45-49,F,K82,6,10,10466104
US,2018,45-49,M,K82,6,12,10249333
US,2018,5-9,F,K82,0,0,9888217
US,2018,5-9,M,K82,0,0,10324741
US,2018,50-54,F,K82,6,17,10593345
US,2018,50-54,M,K82,4,21,10262878
US,2018,55-59,F,K82,7,21,11257833
US,2018,55-59,M,K82,4,23,10658259
US,2018,60-64,F,K82,7,28,10585539
US,2018,60-64,M,K82,10,35,9717646
US,2018,65-69,F,K82,11,38,9041390
US,2018,65-69,M,K82,9,31,8022909
US,2018,70-74,F,K82,14,40,7180687
US,2018,70-74,M,K82,7,41,6200020
US,2018,75-79,F,K82,13,41,5115395
US,2018,75-79,M,K82,21,48,4134784
US,2018,80-84,F,K82,11,45,3536898
US,2018,80-84,M,K82,17,50,2584496
US,2018,85+,F,K82,55,142,4205508
US,2018,85+,M,K82,28,69,2332518
US,2019,0-4,F,K82,0,0,9570073
US,2019,0-4,M,K82,0,0,10001266
US,2019,10-14,F,K82,0,0,10190891
US,2019,10-14,M,K82,0,0,10629162
US,2019,15-19,F,K82,0,0,10313575
US,2019,15-19,M,K82,0,1,10752848
US,2019,20-24,F,K82,0,1,10577124
US,2019,20-24,M,K82,0,0,11066850
US,2019,25-29,F,K82,1,1,11518714
US,2019,25-29,M,K82,0,5,12020738
US,2019,30-34,F,K82,0,1,11093732
US,2019,30-34,M,K82,0,2,11370500
US,2019,35-39,F,K82,2,7,10861340
US,2019,35-39,M,K82,0,4,10892543
US,2019,40-44,F,K82,5,12,10014341
US,2019,40-44,M,K82,1,5,9906220
US,2019,45-49,F,K82,2,12,10307804
US,2019,45-49,M,K82,4,11,10082635
US,2019,5-9,F,K82,0,0,9886447
US,2019,5-9,M,K82,0,0,10335306
US,2019,50-54,F,K82,2,14,10387588
US,2019,50-54,M,K82,3,14,10082296
US,2019,55-59,F,K82,8,20,11232044
US,2019,55-59,M,K82,4,28,10639047
US,2019,60-64,F,K82,4,20,10708826
US,2019,60-64,M,K82,11,28,9851308
US,2019,65-69,F,K82,11,38,9252566
US,2019,65-69,M,K82,9,40,8191801
US,2019,70-74,F,K82,15,46,7527818
US,2019,70-74,M,K82,10,53,6499159
US,2019,75-79,F,K82,11,41,5333117
US,2019,75-79,M,K82,15,57,4317707
US,2019,80-84,F,K82,10,59,3636357
US,2019,80-84,M,K82,12,55,2678743
US,2019,85+,F,K82,37,128,4225260
US,2019,85+,M,K82,29,81,2374207
US,2020,0-4,F,K82,0,0,9440135
US,2020,0-4,M,K82,0,1,9861157
US,2020,10-14,F,K82,0,0,10159455
US,2020,10-14,M,K82,0,1,10594968
US,2020,15-19,F,K82,0,0,10266332
US,2020,15-19,M,K82,0,0,10694597
US,2020,20-24,F,K82,0,1,10561909
US,2020,20-24,M,K82,0,0,11032846
US,2020,25-29,F,K82,1,5,11356117
US,2020,25-29,M,K82,0,1,11875126
US,2020,30-34,F,K82,0,0,11269150
US,2020,30-34,M,K82,0,2,11569253
US,2020,35-39,F,K82,2,5,10890716
US,2020,35-39,M,K82,1,7,10937588
US,2020,40-44,F,K82,2,3,10199608
US,2020,40-44,M,K82,0,2,10108280
US,2020,45-49,F,K82,1,8,10097702
US,2020,45-49,M,K82,1,8,9872904
US,2020,5-9,F,K82,0,0,9890958
US,2020,5-9,M,K82,0,0,10346753
US,2020,50-54,F,K82,3,18,10343739
US,2020,50-54,M,K82,5,22,10051788
US,2020,55-59,F,K82,5,29,11091171
US,2020,55-59,M,K82,11,26,10511928
US,2020,60-64,F,K82,9,38,10823072
US,2020,60-64,M,K82,7,28,9977506
US,2020,65-69,F,K82,7,33,9483316
US,2020,65-69,M,K82,10,44,8390351
US,2020,70-74,F,K82,8,41,7882542
US,2020,70-74,M,K82,14,61,6793189
US,2020,75-79,F,K82,10,46,5513149
US,2020,75-79,M,K82,21,55,4473684
US,2020,80-84,F,K82,14,61,3715123
US,2020,80-84,M,K82,15,55,2749591
US,2020,85+,F,K82,51,159,4243727
US,2020,85+,M,K82,23,90,2414693
US,2021,0-4,F,K82,0,1,9213282
US,2021,0-4,M,K82,0,0,9638924
US,2021,10-14,F,K82,0,0,10468966
US,2021,10-14,M,K82,0,0,10998343
US,2021,15-19,F,K82,0,0,10550956
US,2021,15-19,M,K82,0,0,11032075
US,2021,20-24,F,K82,0,1,10563847
US,2021,20-24,M,K82,0,1,10986668
US,2021,25-29,F,K82,0,0,11022779
US,2021,25-29,M,K82,0,1,11386632
US,2021,30-34,F,K82,0,7,11436751
US,2021,30-34,M,K82,1,1,11681024
US,2021,35-39,F,K82,1,3,11042908
US,2021,35-39,M,K82,2,4,11271318
US,2021,40-44,F,K82,1,7,10515899
US,2021,40-44,M,K82,2,3,10597422
US,2021,45-49,F,K82,0,7,9910370
US,2021,45-49,M,K82,7,13,9880380
US,2021,5-9,F,K82,0,0,9924515
US,2021,5-9,M,K82,0,0,10385783
US,2021,50-54,F,K82,3,11,10471707
US,2021,50-54,M,K82,3,10,10436367
US,2021,55-59,F,K82,4,25,10938806
US,2021,55-59,M,K82,4,25,10630482
US,2021,60-64,F,K82,5,31,10897299
US,2021,60-64,M,K82,14,34,10323993
US,2021,65-69,F,K82,12,45,9637672
US,2021,65-69,M,K82,17,54,8736147
US,2021,70-74,F,K82,14,62,8147119
US,2021,70-74,M,K82,24,69,7103881
US,2021,75-79,F,K82,16,58,5434012
US,2021,75-79,M,K82,19,75,4461789
US,2021,80-84,F,K82,19,68,3613724
US,2021,80-84,M,K82,21,67,2688870
US,2021,85+,F,K82,37,122,3865451
US,2021,85+,M,K82,27,92,2203599
US,2022,0-4,F,K82,0,1,9149470
US,2022,0-4,M,K82,0,0,9561484
US,2022,10-14,F,K82,0,0,10338140
US,2022,10-14,M,K82,1,1,10858115
US,2022,15-19,F,K82,0,0,10695953
US,2022,15-19,M,K82,0,0,11201441
US,2022,20-24,F,K82,1,3,10656544
US,2022,20-24,M,K82,1,1,11090066
US,2022,25-29,F,K82,0,1,10953339
US,2022,25-29,M,K82,0,2,11299481
US,2022,30-34,F,K82,0,2,11618816
US,2022,30-34,M,K82,1,4,11852898
US,2022,35-39,F,K82,0,5,11104338
US,2022,35-39,M,K82,2,11,11337479
US,2022,40-44,F,K82,2,5,10726881
US,2022,40-44,M,K82,2,8,10827504
US,2022,45-49,F,K82,2,12,9874888
US,2022,45-49,M,K82,2,8,9826556
US,2022,5-9,F,K82,0,0,9924379
US,2022,5-9,M,K82,0,0,10384438
US,2022,50-54,F,K82,5,21,10467562
US,2022,50-54,M,K82,5,23,10418054
US,2022,55-59,F,K82,5,29,10690530
US,2022,55-59,M,K82,10,28,10387713
US,2022,60-64,F,K82,10,39,10921606
US,2022,60-64,M,K82,8,33,10344609
US,2022,65-69,F,K82,10,55,9845120
US,2022,65-69,M,K82,11,44,8934330
US,2022,70-74,F,K82,18,53,8159247
US,2022,70-74,M,K82,17,72,7066013
US,2022,75-79,F,K82,15,64,5934586
US,2022,75-79,M,K82,26,82,4911106
US,2022,80-84,F,K82,22,63,3753023
US,2022,80-84,M,K82,21,71,2797365
US,2022,85+,F,K82,44,125,3866967
US,2022,85+,M,K82,32,88,2237280
US,2023,0-4,F,K82,0,0,9113709
US,2023,0-4,M,K82,0,1,9518688
US,2023,10-14,F,K82,0,0,10220382
US,2023,10-14,M,K82,0,0,10723279
US,2023,15-19,F,K82,0,1,10848970
US,2023,15-19,M,K82,0,0,11379103
US,2023,20-24,F,K82,1,1,10793698
US,2023,20-24,M,K82,0,2,11249749
US,2023,25-29,F,K82,1,2,10974079
US,2023,25-29,M,K82,0,2,11304143
US,2023,30-34,F,K82,2,4,11761144
US,2023,30-34,M,K82,1,1,12009251
US,2023,35-39,F,K82,0,5,11232482
US,2023,35-39,M,K82,2,5,11465154
US,2023,40-44,F,K82,3,10,10948511
US,2023,40-44,M,K82,1,5,11066810
US,2023,45-49,F,K82,2,13,9974556
US,2023,45-49,M,K82,2,9,9932362
US,2023,5-9,F,K82,0,0,9912913
US,2023,5-9,M,K82,0,0,10371140
US,2023,50-54,F,K82,4,13,10407373
US,2023,50-54,M,K82,8,17,10331257
US,2023,55-59,F,K82,3,17,10466862
US,2023,55-59,M,K82,6,28,10188050
US,2023,60-64,F,K82,12,39,10932221
US,2023,60-64,M,K82,11,40,10353638
US,2023,65-69,F,K82,13,57,10042785
US,2023,65-69,M,K82,18,59,9138341
US,2023,70-74,F,K82,18,72,8331148
US,2023,70-74,M,K82,21,67,7204482
US,2023,75-79,F,K82,21,79,6221182
US,2023,75-79,M,K82,27,74,5158922
US,2023,80-84,F,K82,23,65,3983828
US,2023,80-84,M,K82,20,54,2991466
US,2023,85+,F,K82,66,150,3934293
US,2023,85+,M,K82,34,93,2320260
US,2024,0-4,F,K82,0,0,9098271
US,2024,0-4,M,K82,0,3,9501043
US,2024,10-14,F,K82,0,0,10200006
US,2024,10-14,M,K82,1,1,10701148
US,2024,15-19,F,K82,0,1,10914056
US,2024,15-19,M,K82,1,5,11461769
US,2024,20-24,F,K82,0,3,10970121
US,2024,20-24,M,K82,0,0,11451815
US,2024,25-29,F,K82,0,0,11069140
US,2024,25-29,M,K82,0,2,11390736
US,2024,30-34,F,K82,0,0,11866273
US,2024,30-34,M,K82,0,1,12127715
US,2024,35-39,F,K82,1,7,11467859
US,2024,35-39,M,K82,1,2,11702213
US,2024,40-44,F,K82,1,9,11115417
US,2024,40-44,M,K82,4,11,11253735
US,2024,45-49,F,K82,3,9,10164244
US,2024,45-49,M,K82,1,8,10129805
US,2024,5-9,F,K82,0,0,9878030
US,2024,5-9,M,K82,0,0,10319642
US,2024,50-54,F,K82,3,10,10293667
US,2024,50-54,M,K82,9,19,10192640
US,2024,55-59,F,K82,6,19,10307943
US,2024,55-59,M,K82,8,26,10051985
US,2024,60-64,F,K82,8,29,10938774
US,2024,60-64,M,K82,14,38,10363023
US,2024,65-69,F,K82,11,47,10191886
US,2024,65-69,M,K82,14,48,9297585
US,2024,70-74,F,K82,12,61,8553407
US,2024,70-74,M,K82,19,60,7402084
US,2024,75-79,F,K82,20,67,6557458
US,2024,75-79,M,K82,16,77,5435868
US,2024,80-84,F,K82,22,76,4165424
US,2024,80-84,M,K82,26,72,3141063
US,2024,85+,F,K82,43,126,4021130
US,2024,85+,M,K82,35,95,2414013
BR,2012,0-4,F,K83,6,15,7153216
BR,2012,0-4,M,K83,12,19,7492554
BR,2012,10-14,F,K83,2,5,8285050
BR,2012,10-14,M,K83,1,3,8541075
BR,2012,15-19,F,K83,2,5,8589660
BR,2012,15-19,M,K83,1,5,8639928
BR,2012,20-24,F,K83,3,7,8531695
BR,2012,20-24,M,K83,1,5,8441064
BR,2012,25-29,F,K83,2,12,8792496
BR,2012,25-29,M,K83,6,11,8575592
BR,2012,30-34,F,K83,9,21,8544808
BR,2012,30-34,M,K83,5,17,8199033
BR,2012,35-39,F,K83,13,35,7470921
BR,2012,35-39,M,K83,9,26,7099826
BR,2012,40-44,F,K83,19,44,6855954
BR,2012,40-44,M,K83,18,52,6421655
BR,2012,45-49,F,K83,27,91,6462955
BR,2012,45-49,M,K83,29,90,5948125
BR,2012,5-9,F,K83,0,0,7569606
BR,2012,5-9,M,K83,0,2,7921789
BR,2012,50-54,F,K83,36,122,5695367
BR,2012,50-54,M,K83,26,102,5184257
BR,2012,55-59,F,K83,39,155,4730221
BR,2012,55-59,M,K83,33,130,4250290
BR,2012,60-64,F,K83,45,161,3745698
BR,2012,60-64,M,K83,50,166,3312928
BR,2012,65-69,F,K83,64,209,2818255
BR,2012,65-69,M,K83,48,179,2425459
BR,2012,70-74,F,K83,62,226,2176358
BR,2012,70-74,M,K83,55,198,1760793
BR,2012,75-79,F,K83,91,257,1628848
BR,2012,75-79,M,K83,65,213,1200455
BR,2012,80-84,F,K83,87,277,1080514
BR,2012,80-84,M,K83,54,172,712708
BR,2012,85+,F,K83,104,296,895787
BR,2012,85+,M,K83,64,176,515680
BR,2013,0-4,F,K83,2,16,7121178
BR,2013,0-4,M,K83,8,20,7463884
BR,2013,10-14,F,K83,0,1,8138707
BR,2013,10-14,M,K83,0,1,8426065
BR,2013,15-19,F,K83,1,5,8561467
BR,2013,15-19,M,K83,4,9,8644694
BR,2013,20-24,F,K83,1,8,8488814
BR,2013,20-24,M,K83,1,6,8412732
BR,2013,25-29,F,K83,7,21,8724932
BR,2013,25-29,M,K83,4,12,8524675
BR,2013,30-34,F,K83,12,27,8648899
BR,2013,30-34,M,K83,9,23,8310811
BR,2013,35-39,F,K83,14,34,7660500
BR,2013,35-39,M,K83,6,22,7282908
BR,2013,40-44,F,K83,15,45,6928918
BR,2013,40-44,M,K83,16,48,6497525
BR,2013,45-49,F,K83,31,92,6540506
BR,2013,45-49,M,K83,20,64,6021673
BR,2013,5-9,F,K83,2,3,7454699
BR,2013,5-9,M,K83,1,2,7805624
BR,2013,50-54,F,K83,33,122,5850019
BR,2013,50-54,M,K83,23,79,5313955
BR,2013,55-59,F,K83,42,148,4896250
BR,2013,55-59,M,K83,37,141,4391704
BR,2013,60-64,F,K83,54,192,3903087
BR,2013,60-64,M,K83,58,200,3437752
BR,2013,65-69,F,K83,78,230,2951155
BR,2013,65-69,M,K83,47,178,2536782
BR,2013,70-74,F,K83,82,247,2228456
BR,2013,70-74,M,K83,55,197,1804579
BR,2013,75-79,F,K83,77,263,1687030
BR,2013,75-79,M,K83,75,216,1248516
BR,2013,80-84,F,K83,80,242,1112004
BR,2013,80-84,M,K83,58,162,732403
BR,2013,85+,F,K83,115,335,937332
BR,2013,85+,M,K83,66,160,536467
BR,2014,0-4,F,K83,5,15,7115554
BR,2014,0-4,M,K83,8,19,7461659
BR,2014,10-14,F,K83,2,3,7978298
BR,2014,10-14,M,K83,2,2,8293387
BR,2014,15-19,F,K83,4,6,8523697
BR,2014,15-19,M,K83,4,4,8643609
BR,2014,20-24,F,K83,2,10,8471662
BR,2014,20-24,M,K83,2,7,8409991
BR,2014,25-29,F,K83,3,14,8633807
BR,2014,25-29,M,K83,7,11,8450017
BR,2014,30-34,F,K83,7,15,8708662
BR,2014,30-34,M,K83,6,27,8384967
BR,2014,35-39,F,K83,7,29,7877867
BR,2014,35-39,M,K83,15,33,7491084
BR,2014,40-44,F,K83,20,51,7011991
BR,2014,40-44,M,K83,17,52,6583218
BR,2014,45-49,F,K83,21,75,6600591
BR,2014,45-49,M,K83,22,72,6083062
BR,2014,5-9,F,K83,0,0,7355032
BR,2014,5-9,M,K83,0,0,7702044
BR,2014,50-54,F,K83,34,105,5998567
BR,2014,50-54,M,K83,32,105,5439538
BR,2014,55-59,F,K83,57,170,5061785
BR,2014,55-59,M,K83,43,171,4532346
BR,2014,60-64,F,K83,51,179,4063093
BR,2014,60-64,M,K83,52,179,3565197
BR,2014,65-69,F,K83,67,223,3091959
BR,2014,65-69,M,K83,70,213,2652529
BR,2014,70-74,F,K83,73,250,2291556
BR,2014,70-74,M,K83,69,221,1857771
BR,2014,75-79,F,K83,95,297,1743986
BR,2014,75-79,M,K83,78,252,1295242
BR,2014,80-84,F,K83,95,262,1146515
BR,2014,80-84,M,K83,77,218,755472
BR,2014,85+,F,K83,133,375,978399
BR,2014,85+,M,K83,85,205,556977
BR,2015,0-4,F,K83,4,12,7164367
BR,2015,0-4,M,K83,9,28,7515065
BR,2015,10-14,F,K83,2,6,7821067
BR,2015,10-14,M,K83,0,2,8160183
BR,2015,15-19,F,K83,1,5,8463413
BR,2015,15-19,M,K83,0,2,8620023
BR,2015,20-24,F,K83,3,8,8465532
BR,2015,20-24,M,K83,4,7,8418677
BR,2015,25-29,F,K83,4,13,8530001
BR,2015,25-29,M,K83,9,13,8361597
BR,2015,30-34,F,K83,2,18,8725993
BR,2015,30-34,M,K83,7,27,8420722
BR,2015,35-39,F,K83,19,43,8100207
BR,2015,35-39,M,K83,18,48,7703994
BR,2015,40-44,F,K83,10,49,7111549
BR,2015,40-44,M,K83,17,52,6684388
BR,2015,45-49,F,K83,32,96,6651191
BR,2015,45-49,M,K83,22,66,6138395
BR,2015,5-9,F,K83,0,0,7249887
BR,2015,5-9,M,K83,0,1,7591156
BR,2015,50-54,F,K83,36,140,6135162
BR,2015,50-54,M,K83,38,121,5556950
BR,2015,55-59,F,K83,63,171,5225990
BR,2015,55-59,M,K83,49,160,4670515
BR,2015,60-64,F,K83,88,213,4225128
BR,2015,60-64,M,K83,58,203,3695467
BR,2015,65-69,F,K83,82,242,3235883
BR,2015,65-69,M,K83,70,212,2768071
BR,2015,70-74,F,K83,75,228,2370932
BR,2015,70-74,M,K83,64,233,1924382
BR,2015,75-79,F,K83,90,266,1797276
BR,2015,75-79,M,K83,57,212,1338548
BR,2015,80-84,F,K83,97,241,1184417
BR,2015,80-84,M,K83,67,184,782635
BR,2015,85+,F,K83,144,384,1018282
BR,2015,85+,M,K83,71,175,576597
BR,2016,0-4,F,K83,6,18,7176661
BR,2016,0-4,M,K83,5,27,7528358
BR,2016,10-14,F,K83,1,1,7692918
BR,2016,10-14,M,K83,0,1,8042608
BR,2016,15-19,F,K83,1,1,8368049
BR,2016,15-19,M,K83,2,4,8560703
BR,2016,20-24,F,K83,6,11,8455573
BR,2016,20-24,M,K83,4,9,8425652
BR,2016,25-29,F,K83,9,18,8432108
BR,2016,25-29,M,K83,8,16,8276979
BR,2016,30-34,F,K83,8,21,8708705
BR,2016,30-34,M,K83,12,29,8422136
BR,2016,35-39,F,K83,15,39,8298088
BR,2016,35-39,M,K83,15,32,7895670
BR,2016,40-44,F,K83,22,59,7235995
BR,2016,40-44,M,K83,16,48,6808566
BR,2016,45-49,F,K83,17,81,6703547
BR,2016,45-49,M,K83,29,84,6196500
BR,2016,5-9,F,K83,0,1,7159600
BR,2016,5-9,M,K83,0,0,7502714
BR,2016,50-54,F,K83,32,129,6252737
BR,2016,50-54,M,K83,37,104,5661175
BR,2016,55-59,F,K83,50,168,5389174
BR,2016,55-59,M,K83,62,159,4806321
BR,2016,60-64,F,K83,66,203,4387869
BR,2016,60-64,M,K83,63,242,3828330
BR,2016,65-69,F,K83,73,261,3381751
BR,2016,65-69,M,K83,77,265,2882026
BR,2016,70-74,F,K83,77,269,2468444
BR,2016,70-74,M,K83,87,257,2005387
BR,2016,75-79,F,K83,88,263,1845388
BR,2016,75-79,M,K83,70,199,1377290
BR,2016,80-84,F,K83,80,259,1226953
BR,2016,80-84,M,K83,88,205,814825
BR,2016,85+,F,K83,155,381,1057444
BR,2016,85+,M,K83,76,208,595681
BR,2017,0-4,F,K83,8,19,7148689
BR,2017,0-4,M,K83,12,29,7498483
BR,2017,10-14,F,K83,1,2,7561632
BR,2017,10-14,M,K83,0,1,7914826
BR,2017,15-19,F,K83,2,3,8241877
BR,2017,15-19,M,K83,2,5,8468595
BR,2017,20-24,F,K83,1,4,8428840
BR,2017,20-24,M,K83,3,6,8420617
BR,2017,25-29,F,K83,1,15,8352359
BR,2017,25-29,M,K83,3,10,8209257
BR,2017,30-34,F,K83,12,33,8663729
BR,2017,30-34,M,K83,14,26,8394253
BR,2017,35-39,F,K83,7,33,8450130
BR,2017,35-39,M,K83,13,37,8047502
BR,2017,40-44,F,K83,19,68,7389449
BR,2017,40-44,M,K83,9,41,6959431
BR,2017,45-49,F,K83,26,92,6766366
BR,2017,45-49,M,K83,29,96,6264462
BR,2017,5-9,F,K83,1,1,7117371
BR,2017,5-9,M,K83,1,1,7464194
BR,2017,50-54,F,K83,44,153,6348409
BR,2017,50-54,M,K83,34,120,5749790
BR,2017,55-59,F,K83,41,167,5549971
BR,2017,55-59,M,K83,57,183,4939435
BR,2017,60-64,F,K83,69,244,4550391
BR,2017,60-64,M,K83,62,234,3962951
BR,2017,65-69,F,K83,76,271,3530408
BR,2017,65-69,M,K83,78,282,2995964
BR,2017,70-74,F,K83,84,286,2581799
BR,2017,70-74,M,K83,72,232,2098178
BR,2017,75-79,F,K83,92,325,1890520
BR,2017,75-79,M,K83,77,256,1413441
BR,2017,80-84,F,K83,88,294,1274209
BR,2017,80-84,M,K83,79,210,851416
BR,2017,85+,F,K83,152,410,1097587
BR,2017,85+,M,K83,108,219,615026
BR,2018,0-4,F,K83,6,18,7143597
BR,2018,0-4,M,K83,14,34,7492920
BR,2018,10-14,F,K83,1,2,7447052
BR,2018,10-14,M,K83,2,2,7799222
BR,2018,15-19,F,K83,1,2,8091938
BR,2018,15-19,M,K83,2,5,8350778
BR,2018,20-24,F,K83,7,13,8384816
BR,2018,20-24,M,K83,4,6,8404960
BR,2018,25-29,F,K83,6,13,8295079
BR,2018,25-29,M,K83,2,11,8162951
BR,2018,30-34,F,K83,11,22,8588455
BR,2018,30-34,M,K83,2,17,8334848
BR,2018,35-39,F,K83,16,27,8550108
BR,2018,35-39,M,K83,15,44,8154840
BR,2018,40-44,F,K83,15,61,7576354
BR,2018,40-44,M,K83,16,50,7140283
BR,2018,45-49,F,K83,22,80,6839156
BR,2018,45-49,M,K83,24,65,6341828
BR,2018,5-9,F,K83,0,0,7084208
BR,2018,5-9,M,K83,0,0,7433861
BR,2018,50-54,F,K83,48,150,6426200
BR,2018,50-54,M,K83,48,120,5824734
BR,2018,55-59,F,K83,46,184,5703333
BR,2018,55-59,M,K83,50,178,5067999
BR,2018,60-64,F,K83,74,246,4712567
BR,2018,60-64,M,K83,70,233,4098554
BR,2018,65-69,F,K83,90,279,3681482
BR,2018,65-69,M,K83,77,263,3110989
BR,2018,70-74,F,K83,91,313,2707514
BR,2018,70-74,M,K83,75,287,2199247
BR,2018,75-79,F,K83,89,270,1938389
BR,2018,75-79,M,K83,93,270,1451821
BR,2018,80-84,F,K83,95,298,1323721
BR,2018,80-84,M,K83,86,239,890120
BR,2018,85+,F,K83,162,414,1139514
BR,2018,85+,M,K83,89,241,635600
BR,2019,0-4,F,K83,9,23,7111933
BR,2019,0-4,M,K83,7,27,7458700
BR,2019,10-14,F,K83,0,1,7348051
BR,2019,10-14,M,K83,0,2,7696334
BR,2019,15-19,F,K83,1,5,7936624
BR,2019,15-19,M,K83,3,3,8225283
BR,2019,20-24,F,K83,4,10,8347000
BR,2019,20-24,M,K83,3,6,8400832
BR,2019,25-29,F,K83,9,15,8272246
BR,2019,25-29,M,K83,3,10,8150148
BR,2019,30-34,F,K83,8,24,8493968
BR,2019,30-34,M,K83,13,23,8255517
BR,2019,35-39,F,K83,15,45,8608339
BR,2019,35-39,M,K83,13,42,8227095
BR,2019,40-44,F,K83,22,72,7792313
BR,2019,40-44,M,K83,29,56,7347141
BR,2019,45-49,F,K83,31,99,6922507
BR,2019,45-49,M,K83,24,78,6429381
BR,2019,5-9,F,K83,0,0,7077260
BR,2019,5-9,M,K83,2,4,7429405
BR,2019,50-54,F,K83,47,126,6487200
BR,2019,50-54,M,K83,42,146,5888136
BR,2019,55-59,F,K83,63,215,5850910
BR,2019,55-59,M,K83,60,198,5193015
BR,2019,60-64,F,K83,91,273,4874532
BR,2019,60-64,M,K83,66,238,4234251
BR,2019,65-69,F,K83,69,301,3834603
BR,2019,65-69,M,K83,66,271,3228543
BR,2019,70-74,F,K83,87,315,2840115
BR,2019,70-74,M,K83,88,296,2303522
BR,2019,75-79,F,K83,112,315,1996507
BR,2019,75-79,M,K83,91,283,1498484
BR,2019,80-84,F,K83,85,283,1371868
BR,2019,80-84,M,K83,70,242,927586
BR,2019,85+,F,K83,183,448,1182889
BR,2019,85+,M,K83,96,234,657861
BR,2020,0-4,F,K83,8,19,7004496
BR,2020,0-4,M,K83,10,18,7344834
BR,2020,10-14,F,K83,1,2,7243924
BR,2020,10-14,M,K83,0,1,7586218
BR,2020,15-19,F,K83,0,3,7788905
BR,2020,15-19,M,K83,4,4,8104148
BR,2020,20-24,F,K83,4,14,8306493
BR,2020,20-24,M,K83,4,7,8395653
BR,2020,25-29,F,K83,10,18,8277869
BR,2020,25-29,M,K83,4,8,8166249
BR,2020,30-34,F,K83,16,29,8396742
BR,2020,30-34,M,K83,15,20,8171638
BR,2020,35-39,F,K83,21,49,8628980
BR,2020,35-39,M,K83,14,41,8265086
BR,2020,40-44,F,K83,20,70,8014947
BR,2020,40-44,M,K83,22,58,7558885
BR,2020,45-49,F,K83,34,110,7021811
BR,2020,45-49,M,K83,30,84,6529986
BR,2020,5-9,F,K83,0,1,7126888
BR,2020,5-9,M,K83,0,0,7482351
BR,2020,50-54,F,K83,43,162,6537509
BR,2020,50-54,M,K83,37,112,5942314
BR,2020,55-59,F,K83,58,204,5984480
BR,2020,55-59,M,K83,62,214,5305040
BR,2020,60-64,F,K83,90,299,5031864
BR,2020,60-64,M,K83,87,264,4362080
BR,2020,65-69,F,K83,91,312,3985501
BR,2020,65-69,M,K83,92,290,3341603
BR,2020,70-74,F,K83,84,295,2971680
BR,2020,70-74,M,K83,106,327,2399939
BR,2020,75-79,F,K83,106,341,2066197
BR,2020,75-79,M,K83,95,281,1550880
BR,2020,80-84,F,K83,111,323,1413300
BR,2020,80-84,M,K83,80,237,957210
BR,2020,85+,F,K83,183,448,1222349
BR,2020,85+,M,K83,116,261,676840
BR,2021,0-4,F,K83,8,16,6884882
BR,2021,0-4,M,K83,6,15,7218022
BR,2021,10-14,F,K83,0,3,7154758
BR,2021,10-14,M,K83,4,5,7498838
BR,2021,15-19,F,K83,1,5,7667765
BR,2021,15-19,M,K83,2,6,7995489
BR,2021,20-24,F,K83,7,10,8234129
BR,2021,20-24,M,K83,4,10,8358863
BR,2021,25-29,F,K83,5,23,8285732
BR,2021,25-29,M,K83,9,16,8187192
BR,2021,30-34,F,K83,7,32,8308533
BR,2021,30-34,M,K83,15,29,8094262
BR,2021,35-39,F,K83,14,52,8614825
BR,2021,35-39,M,K83,17,51,8266906
BR,2021,40-44,F,K83,33,91,8210457
BR,2021,40-44,M,K83,26,87,7743738
BR,2021,45-49,F,K83,40,128,7140727
BR,2021,45-49,M,K83,45,113,6644267
BR,2021,5-9,F,K83,0,1,7141725
BR,2021,5-9,M,K83,1,2,7497165
BR,2021,50-54,F,K83,40,148,6582891
BR,2021,50-54,M,K83,51,168,5988829
BR,2021,55-59,F,K83,66,242,6090024
BR,2021,55-59,M,K83,72,215,5390506
BR,2021,60-64,F,K83,87,292,5178317
BR,2021,60-64,M,K83,77,298,4474584
BR,2021,65-69,F,K83,107,353,4125812
BR,2021,65-69,M,K83,103,367,3443378
BR,2021,70-74,F,K83,112,387,3095481
BR,2021,70-74,M,K83,111,358,2480412
BR,2021,75-79,F,K83,114,348,2143774
BR,2021,75-79,M,K83,118,317,1604453
BR,2021,80-84,F,K83,126,355,1441677
BR,2021,80-84,M,K83,98,267,974402
BR,2021,85+,F,K83,208,497,1251280
BR,2021,85+,M,K83,110,263,689547
BR,2022,0-4,F,K83,11,23,6748180
BR,2022,0-4,M,K83,7,27,7072657
BR,2022,10-14,F,K83,1,5,7113772
BR,2022,10-14,M,K83,1,2,7461557
BR,2022,15-19,F,K83,3,5,7535168
BR,2022,15-19,M,K83,2,7,7867241
BR,2022,20-24,F,K83,3,8,8119664
BR,2022,20-24,M,K83,5,7,8276952
BR,2022,25-29,F,K83,6,18,8274950
BR,2022,25-29,M,K83,13,24,8193145
BR,2022,30-34,F,K83,22,37,8239142
BR,2022,30-34,M,K83,14,36,8033827
BR,2022,35-39,F,K83,30,66,8574426
BR,2022,35-39,M,K83,18,51,8241075
BR,2022,40-44,F,K83,35,95,8361528
BR,2022,40-44,M,K83,33,85,7890594
BR,2022,45-49,F,K83,47,122,7289770
BR,2022,45-49,M,K83,40,135,6786555
BR,2022,5-9,F,K83,0,1,7117933
BR,2022,5-9,M,K83,0,0,7470215
BR,2022,50-54,F,K83,76,196,6640700
BR,2022,50-54,M,K83,53,174,6048475
BR,2022,55-59,F,K83,68,249,6176634
BR,2022,55-59,M,K83,71,266,5464324
BR,2022,60-64,F,K83,89,320,5325745
BR,2022,60-64,M,K83,101,335,4588721
BR,2022,65-69,F,K83,125,390,4268636
BR,2022,65-69,M,K83,118,371,3552696
BR,2022,70-74,F,K83,121,388,3221066
BR,2022,70-74,M,K83,140,432,2563397
BR,2022,75-79,F,K83,126,395,2234649
BR,2022,75-79,M,K83,129,367,1669303
BR,2022,80-84,F,K83,125,376,1466341
BR,2022,80-84,M,K83,103,301,989957
BR,2022,85+,F,K83,208,557,1279565
BR,2022,85+,M,K83,121,287,704423
BR,2023,0-4,F,K83,8,23,6553590
BR,2023,0-4,M,K83,12,27,6867652
BR,2023,10-14,F,K83,2,3,7082501
BR,2023,10-14,M,K83,1,3,7433007
BR,2023,15-19,F,K83,5,8,7418395
BR,2023,15-19,M,K83,4,7,7751015
BR,2023,20-24,F,K83,4,7,7974090
BR,2023,20-24,M,K83,2,11,8164085
BR,2023,25-29,F,K83,11,24,8248194
BR,2023,25-29,M,K83,12,24,8190619
BR,2023,30-34,F,K83,16,33,8196216
BR,2023,30-34,M,K83,9,28,7999287
BR,2023,35-39,F,K83,10,51,8508424
BR,2023,35-39,M,K83,17,54,8189931
BR,2023,40-44,F,K83,30,102,8465433
BR,2023,40-44,M,K83,29,92,8000280
BR,2023,45-49,F,K83,34,132,7477692
BR,2023,45-49,M,K83,40,118,6966824
BR,2023,5-9,F,K83,0,2,7119716
BR,2023,5-9,M,K83,0,1,7470029
BR,2023,50-54,F,K83,50,213,6714889
BR,2023,50-54,M,K83,62,180,6127370
BR,2023,55-59,F,K83,72,294,6255579
BR,2023,55-59,M,K83,54,220,5538849
BR,2023,60-64,F,K83,115,386,5476616
BR,2023,60-64,M,K83,112,358,4712064
BR,2023,65-69,F,K83,109,402,4424233
BR,2023,65-69,M,K83,120,438,3678399
BR,2023,70-74,F,K83,132,468,3358242
BR,2023,70-74,M,K83,124,410,2662432
BR,2023,75-79,F,K83,126,386,2344518
BR,2023,75-79,M,K83,137,377,1752057
BR,2023,80-84,F,K83,121,370,1501717
BR,2023,80-84,M,K83,107,297,1016004
BR,2023,85+,F,K83,202,548,1323560
BR,2023,85+,M,K83,127,307,731649
BR,2024,0-4,F,K83,8,25,6356612
BR,2024,0-4,M,K83,7,18,6661380
BR,2024,10-14,F,K83,2,5,7076552
BR,2024,10-14,M,K83,0,2,7429136
BR,2024,15-19,F,K83,2,4,7320566
BR,2024,15-19,M,K83,1,5,7651069
BR,2024,20-24,F,K83,6,13,7821129
BR,2024,20-24,M,K83,8,11,8044783
BR,2024,25-29,F,K83,5,18,8219079
BR,2024,25-29,M,K83,5,15,8193616
BR,2024,30-34,F,K83,13,31,8181015
BR,2024,30-34,M,K83,15,34,7992515
BR,2024,35-39,F,K83,10,54,8419411
BR,2024,35-39,M,K83,21,60,8115656
BR,2024,40-44,F,K83,27,88,8525842
BR,2024,40-44,M,K83,28,81,8073611
BR,2024,45-49,F,K83,36,148,7693627
BR,2024,45-49,M,K83,41,130,7171760
BR,2024,5-9,F,K83,2,2,7092027
BR,2024,5-9,M,K83,1,1,7439000
BR,2024,50-54,F,K83,55,207,6798626
BR,2024,50-54,M,K83,56,195,6215140
BR,2024,55-59,F,K83,75,280,6318206
BR,2024,55-59,M,K83,78,278,5603775
BR,2024,60-64,F,K83,102,348,5622638
BR,2024,60-64,M,K83,111,370,4833395
BR,2024,65-69,F,K83,140,441,4582309
BR,2024,65-69,M,K83,128,442,3806961
BR,2024,70-74,F,K83,121,464,3500843
BR,2024,70-74,M,K83,136,445,2768674
BR,2024,75-79,F,K83,132,431,2463099
BR,2024,75-79,M,K83,151,437,1840490
BR,2024,80-84,F,K83,153,456,1550505
BR,2024,80-84,M,K83,103,275,1053425
BR,2024,85+,F,K83,240,616,1379378
BR,2024,85+,M,K83,118,339,767900
US,2012,0-4,F,K83,1,8,9774041
US,2012,0-4,M,K83,4,12,10206895
US,2012,10-14,F,K83,0,1,10111589
US,2012,10-14,M,K83,0,0,10562254
US,2012,15-19,F,K83,0,0,10411033
US,2012,15-19,M,K83,0,1,10962987
US,2012,20-24,F,K83,3,7,11048703
US,2012,20-24,M,K83,2,7,11547696
US,2012,25-29,F,K83,0,3,10567537
US,2012,25-29,M,K83,3,10,10825742
US,2012,30-34,F,K83,3,7,10430149
US,2012,30-34,M,K83,5,13,10480606
US,2012,35-39,F,K83,3,9,9785513
US,2012,35-39,M,K83,5,16,9704768
US,2012,40-44,F,K83,6,25,10572858
US,2012,40-44,M,K83,6,22,10448571
US,2012,45-49,F,K83,8,29,10964652
US,2012,45-49,M,K83,8,45,10719658
US,2012,5-9,F,K83,1,2,10018115
US,2012,5-9,M,K83,1,1,10454564
US,2012,50-54,F,K83,15,63,11498699
US,2012,50-54,M,K83,23,75,11072956
US,2012,55-59,F,K83,24,64,10702819
US,2012,55-59,M,K83,30,118,10063422
US,2012,60-64,F,K83,36,95,9278588
US,2012,60-64,M,K83,39,151,8531036
US,2012,65-69,F,K83,39,137,7372870
US,2012,65-69,M,K83,54,177,6607248
US,2012,70-74,F,K83,42,142,5414881
US,2012,70-74,M,K83,67,182,4598264
US,2012,75-79,F,K83,58,155,4200910
US,2012,75-79,M,K83,58,184,3293616
US,2012,80-84,F,K83,96,231,3425248
US,2012,80-84,M,K83,95,231,2354010
US,2012,85+,F,K83,271,618,3902430
US,2012,85+,M,K83,165,397,1962734
US,2013,0-4,F,K83,1,10,9710523
US,2013,0-4,M,K83,2,12,10144661
US,2013,10-14,F,K83,0,0,10109744
US,2013,10-14,M,K83,0,0,10547243
US,2013,15-19,F,K83,0,1,10332561
US,2013,15-19,M,K83,0,0,10850915
US,2013,20-24,F,K83,0,4,11139145
US,2013,20-24,M,K83,2,4,11687700
US,2013,25-29,F,K83,0,2,10642006
US,2013,25-29,M,K83,1,7,10940347
US,2013,30-34,F,K83,3,7,10603284
US,2013,30-34,M,K83,2,7,10668769
US,2013,35-39,F,K83,6,12,9832348
US,2013,35-39,M,K83,5,15,9772347
US,2013,40-44,F,K83,8,16,10493518
US,2013,40-44,M,K83,6,29,10347955
US,2013,45-49,F,K83,7,27,10711713
US,2013,45-49,M,K83,10,34,10491199
US,2013,5-9,F,K83,0,1,10068928
US,2013,5-9,M,K83,0,0,10506663
US,2013,50-54,F,K83,16,70,11485360
US,2013,50-54,M,K83,21,84,11060993
US,2013,55-59,F,K83,26,79,10904047
US,2013,55-59,M,K83,27,118,10268546
US,2013,60-64,F,K83,33,119,9444556
US,2013,60-64,M,K83,44,157,8662539
US,2013,65-69,F,K83,37,130,7690162
US,2013,65-69,M,K83,62,203,6901813
US,2013,70-74,F,K83,47,160,5723763
US,2013,70-74,M,K83,65,215,4878749
US,2013,75-79,F,K83,66,180,4291752
US,2013,75-79,M,K83,76,203,3390044
US,2013,80-84,F,K83,92,236,3397838
US,2013,80-84,M,K83,82,239,2364502
US,2013,85+,F,K83,289,673,3964645
US,2013,85+,M,K83,177,433,2029069
US,2014,0-4,F,K83,1,8,9715944
US,2014,0-4,M,K83,4,15,10162862
US,2014,10-14,F,K83,0,0,10122728
US,2014,10-14,M,K83,2,2,10551032
US,2014,15-19,F,K83,1,2,10282180
US,2014,15-19,M,K83,0,0,10778182
US,2014,20-24,F,K83,0,1,11157116
US,2014,20-24,M,K83,4,5,11734876
US,2014,25-29,F,K83,1,4,10814504
US,2014,25-29,M,K83,2,7,11154019
US,2014,30-34,F,K83,1,5,10711000
US,2014,30-34,M,K83,5,11,10796288
US,2014,35-39,F,K83,4,16,9959734
US,2014,35-39,M,K83,6,23,9913940
US,2014,40-44,F,K83,10,15,10342116
US,2014,40-44,M,K83,5,17,10187508
US,2014,45-49,F,K83,13,38,10509217
US,2014,45-49,M,K83,6,40,10310760
US,2014,5-9,F,K83,0,0,10046117
US,2014,5-9,M,K83,0,0,10480153
US,2014,50-54,F,K83,15,55,11464466
US,2014,50-54,M,K83,23,75,11045022
US,2014,55-59,F,K83,23,89,11042238
US,2014,55-59,M,K83,31,134,10416082
US,2014,60-64,F,K83,27,117,9672090
US,2014,60-64,M,K83,53,183,8855150
US,2014,65-69,F,K83,53,160,8062323
US,2014,65-69,M,K83,63,207,7234673
US,2014,70-74,F,K83,54,165,5967007
US,2014,70-74,M,K83,82,225,5091435
US,2014,75-79,F,K83,61,187,4408952
US,2014,75-79,M,K83,89,223,3507421
US,2014,80-84,F,K83,112,241,3379011
US,2014,80-84,M,K83,99,262,2376937
US,2014,85+,F,K83,304,675,4033776
US,2014,85+,M,K83,187,406,2099470
US,2015,0-4,F,K83,1,9,9734572
US,2015,0-4,M,K83,0,14,10190134
US,2015,10-14,F,K83,1,1,10097361
US,2015,10-14,M,K83,0,0,10517252
US,2015,15-19,F,K83,0,1,10303239
US,2015,15-19,M,K83,0,0,10787033
US,2015,20-24,F,K83,1,2,11043025
US,2015,20-24,M,K83,3,6,11646473
US,2015,25-29,F,K83,1,4,11029349
US,2015,25-29,M,K83,2,7,11402007
US,2015,30-34,F,K83,2,7,10765946
US,2015,30-34,M,K83,6,12,10875937
US,2015,35-39,F,K83,7,19,10166224
US,2015,35-39,M,K83,7,16,10142245
US,2015,40-44,F,K83,2,16,10142266
US,2015,40-44,M,K83,3,20,9989891
US,2015,45-49,F,K83,10,34,10473254
US,2015,45-49,M,K83,7,37,10288356
US,2015,5-9,F,K83,0,2,10029953
US,2015,5-9,M,K83,0,0,10460866
US,2015,50-54,F,K83,21,70,11329624
US,2015,50-54,M,K83,23,98,10921871
US,2015,55-59,F,K83,21,92,11173781
US,2015,55-59,M,K83,36,145,10559735
US,2015,60-64,F,K83,32,119,9926854
US,2015,60-64,M,K83,43,166,9085876
US,2015,65-69,F,K83,57,160,8454324
US,2015,65-69,M,K83,52,209,7576768
US,2015,70-74,F,K83,48,165,6175400
US,2015,70-74,M,K83,64,223,5281726
US,2015,75-79,F,K83,72,201,4507381
US,2015,75-79,M,K83,102,300,3603446
US,2015,80-84,F,K83,100,271,3386269
US,2015,80-84,M,K83,94,242,2407460
US,2015,85+,F,K83,318,711,4093329
US,2015,85+,M,K83,176,440,2169767
US,2016,0-4,F,K83,2,11,9742528
US,2016,0-4,M,K83,1,10,10194209
US,2016,10-14,F,K83,0,1,10104766
US,2016,10-14,M,K83,0,0,10529234
US,2016,15-19,F,K83,0,0,10335334
US,2016,15-19,M,K83,1,1,10804809
US,2016,20-24,F,K83,2,2,10880883
US,2016,20-24,M,K83,2,4,11486770
US,2016,25-29,F,K83,0,2,11271329
US,2016,25-29,M,K83,5,10,11668343
US,2016,30-34,F,K83,3,8,10837503
US,2016,30-34,M,K83,4,12,10997952
US,2016,35-39,F,K83,5,19,10399494
US,2016,35-39,M,K83,10,27,10385679
US,2016,40-44,F,K83,10,26,9910118
US,2016,40-44,M,K83,8,24,9768609
US,2016,45-49,F,K83,6,38,10550885
US,2016,45-49,M,K83,13,45,10356168
US,2016,5-9,F,K83,0,0,10008005
US,2016,5-9,M,K83,0,1,10442552
US,2016,50-54,F,K83,11,76,11087512
US,2016,50-54,M,K83,16,74,10708723
US,2016,55-59,F,K83,14,101,11276769
US,2016,55-59,M,K83,27,131,10663988
US,2016,60-64,F,K83,34,151,10153415
US,2016,60-64,M,K83,45,198,9297699
US,2016,65-69,F,K83,46,191,8874413
US,2016,65-69,M,K83,80,292,7927580
US,2016,70-74,F,K83,54,199,6347009
US,2016,70-74,M,K83,91,282,5444125
US,2016,75-79,F,K83,83,227,4642235
US,2016,75-79,M,K83,82,254,3721492
US,2016,80-84,F,K83,105,260,3415481
US,2016,80-84,M,K83,97,285,2453136
US,2016,85+,F,K83,345,727,4148383
US,2016,85+,M,K83,201,475,2234625
US,2017,0-4,F,K83,3,18,9721892
US,2017,0-4,M,K83,3,8,10173124
US,2017,10-14,F,K83,1,2,10174304
US,2017,10-14,M,K83,0,0,10609152
US,2017,15-19,F,K83,0,2,10322453
US,2017,15-19,M,K83,1,1,10783133
US,2017,20-24,F,K83,0,2,10747498
US,2017,20-24,M,K83,1,4,11314113
US,2017,25-29,F,K83,1,3,11463708
US,2017,25-29,M,K83,2,4,11897087
US,2017,30-34,F,K83,1,10,10877130
US,2017,30-34,M,K83,4,12,11081933
US,2017,35-39,F,K83,3,12,10594335
US,2017,35-39,M,K83,3,18,10596983
US,2017,40-44,F,K83,3,18,9857600
US,2017,40-44,M,K83,5,25,9718987
US,2017,45-49,F,K83,13,37,10547318
US,2017,45-49,M,K83,9,41,10349982
US,2017,5-9,F,K83,0,1,9948106
US,2017,5-9,M,K83,0,0,10382200
US,2017,50-54,F,K83,20,92,10844299
US,2017,50-54,M,K83,17,77,10485450
US,2017,55-59,F,K83,23,98,11274831
US,2017,55-59,M,K83,34,137,10670828
US,2017,60-64,F,K83,44,175,10398926
US,2017,60-64,M,K83,46,221,9529117
US,2017,65-69,F,K83,58,215,8884407
US,2017,65-69,M,K83,70,281,7909189
US,2017,70-74,F,K83,83,249,6881542
US,2017,70-74,M,K83,83,283,5931096
US,2017,75-79,F,K83,82,237,4833186
US,2017,75-79,M,K83,109,297,3889506
US,2017,80-84,F,K83,108,278,3455501
US,2017,80-84,M,K83,94,279,2504286
US,2017,85+,F,K83,324,758,4181647
US,2017,85+,M,K83,186,466,2287279
US,2018,0-4,F,K83,0,4,9665926
US,2018,0-4,M,K83,1,16,10112601
US,2018,10-14,F,K83,0,3,10223894
US,2018,10-14,M,K83,0,0,10663948
US,2018,15-19,F,K83,0,0,10314076
US,2018,15-19,M,K83,1,1,10762990
US,2018,20-24,F,K83,1,3,10652877
US,2018,20-24,M,K83,1,3,11172233
US,2018,25-29,F,K83,0,0,11535821
US,2018,25-29,M,K83,0,6,12011397
US,2018,30-34,F,K83,1,6,10945565
US,2018,30-34,M,K83,3,8,11186277
US,2018,35-39,F,K83,0,13,10767228
US,2018,35-39,M,K83,3,17,10781732
US,2018,40-44,F,K83,4,22,9901383
US,2018,40-44,M,K83,4,29,9781751
US,2018,45-49,F,K83,10,35,10466104
US,2018,45-49,M,K83,9,45,10249333
US,2018,5-9,F,K83,0,0,9888217
US,2018,5-9,M,K83,0,0,10324741
US,2018,50-54,F,K83,18,69,10593345
US,2018,50-54,M,K83,18,93,10262878
US,2018,55-59,F,K83,27,126,11257833
US,2018,55-59,M,K83,28,140,10658259
US,2018,60-64,F,K83,40,154,10585539
US,2018,60-64,M,K83,47,216,9717646
US,2018,65-69,F,K83,67,236,9041390
US,2018,65-69,M,K83,75,261,8022909
US,2018,70-74,F,K83,93,272,7180687
US,2018,70-74,M,K83,101,328,6200020
US,2018,75-79,F,K83,91,260,5115395
US,2018,75-79,M,K83,106,294,4134784
US,2018,80-84,F,K83,122,290,3536898
US,2018,80-84,M,K83,114,320,2584496
US,2018,85+,F,K83,320,737,4205508
US,2018,85+,M,K83,191,455,2332518
US,2019,0-4,F,K83,1,6,9570073
US,2019,0-4,M,K83,0,7,10001266
US,2019,10-14,F,K83,1,2,10190891
US,2019,10-14,M,K83,0,0,10629162
US,2019,15-19,F,K83,0,0,10313575
US,2019,15-19,M,K83,0,2,10752848
US,2019,20-24,F,K83,2,5,10577124
US,2019,20-24,M,K83,2,3,11066850
US,2019,25-29,F,K83,1,5,11518714
US,2019,25-29,M,K83,2,7,12020738
US,2019,30-34,F,K83,2,8,11093732
US,2019,30-34,M,K83,2,11,11370500
US,2019,35-39,F,K83,4,24,10861340
US,2019,35-39,M,K83,10,21,10892543
US,2019,40-44,F,K83,3,23,10014341
US,2019,40-44,M,K83,8,25,9906220
US,2019,45-49,F,K83,10,47,10307804
US,2019,45-49,M,K83,9,55,10082635
US,2019,5-9,F,K83,1,1,9886447
US,2019,5-9,M,K83,0,1,10335306
US,2019,50-54,F,K83,17,76,10387588
US,2019,50-54,M,K83,16,73,10082296
US,2019,55-59,F,K83,37,125,11232044
US,2019,55-59,M,K83,26,140,10639047
US,2019,60-64,F,K83,36,168,10708826
US,2019,60-64,M,K83,54,241,9851308
US,2019,65-69,F,K83,54,204,9252566
US,2019,65-69,M,K83,80,325,8191801
US,2019,70-74,F,K83,75,275,7527818
US,2019,70-74,M,K83,85,312,6499159
US,2019,75-79,F,K83,99,293,5333117
US,2019,75-79,M,K83,108,332,4317707
US,2019,80-84,F,K83,116,302,3636357
US,2019,80-84,M,K83,130,309,2678743
US,2019,85+,F,K83,306,736,4225260
US,2019,85+,M,K83,211,489,2374207
US,2020,0-4,F,K83,2,6,9440135
US,2020,0-4,M,K83,0,8,9861157
US,2020,10-14,F,K83,0,2,10159455
US,2020,10-14,M,K83,1,3,10594968
US,2020,15-19,F,K83,0,0,10266332
US,2020,15-19,M,K83,0,3,10694597
US,2020,20-24,F,K83,1,1,10561909
US,2020,20-24,M,K83,0,0,11032846
US,2020,25-29,F,K83,3,4,11356117
US,2020,25-29,M,K83,2,14,11875126
US,2020,30-34,F,K83,7,13,11269150
US,2020,30-34,M,K83,5,16,11569253
US,2020,35-39,F,K83,9,18,10890716
US,2020,35-39,M,K83,4,23,10937588
US,2020,40-44,F,K83,12,29,10199608
US,2020,40-44,M,K83,6,49,10108280
US,2020,45-49,F,K83,13,59,10097702
US,2020,45-49,M,K83,12,53,9872904
US,2020,5-9,F,K83,0,1,9890958
US,2020,5-9,M,K83,1,2,10346753
US,2020,50-54,F,K83,21,78,10343739
US,2020,50-54,M,K83,23,98,10051788
US,2020,55-59,F,K83,26,115,11091171
US,2020,55-59,M,K83,46,167,10511928
US,2020,60-64,F,K83,63,216,10823072
US,2020,60-64,M,K83,48,246,9977506
US,2020,65-69,F,K83,72,272,9483316
US,2020,65-69,M,K83,78,334,8390351
US,2020,70-74,F,K83,91,285,7882542
US,2020,70-74,M,K83,108,416,6793189
US,2020,75-79,F,K83,114,342,5513149
US,2020,75-79,M,K83,104,364,4473684
US,2020,80-84,F,K83,97,291,3715123
US,2020,80-84,M,K83,115,317,2749591
US,2020,85+,F,K83,307,765,4243727
US,2020,85+,M,K83,218,518,2414693
US,2021,0-4,F,K83,1,10,9213282
US,2021,0-4,M,K83,2,7,9638924
US,2021,10-14,F,K83,0,0,10468966
US,2021,10-14,M,K83,0,0,10998343
US,2021,15-19,F,K83,0,0,10550956
US,2021,15-19,M,K83,1,3,11032075
US,2021,20-24,F,K83,0,1,10563847
US,2021,20-24,M,K83,3,5,10986668
US,2021,25-29,F,K83,2,5,11022779
US,2021,25-29,M,K83,3,7,11386632
US,2021,30-34,F,K83,2,13,11436751
US,2021,30-34,M,K83,7,20,11681024
US,2021,35-39,F,K83,6,29,11042908
US,2021,35-39,M,K83,2,19,11271318
US,2021,40-44,F,K83,6,28,10515899
US,2021,40-44,M,K83,10,37,10597422
US,2021,45-49,F,K83,11,49,9910370
US,2021,45-49,M,K83,16,65,9880380
US,2021,5-9,F,K83,0,0,9924515
US,2021,5-9,M,K83,0,0,10385783
US,2021,50-54,F,K83,22,79,10471707
US,2021,50-54,M,K83,16,104,10436367
US,2021,55-59,F,K83,32,129,10938806
US,2021,55-59,M,K83,29,192,10630482
US,2021,60-64,F,K83,51,244,10897299
US,2021,60-64,M,K83,70,282,10323993
US,2021,65-69,F,K83,103,322,9637672
US,2021,65-69,M,K83,72,339,8736147
US,2021,70-74,F,K83,115,375,8147119
US,2021,70-74,M,K83,110,436,7103881
US,2021,75-79,F,K83,115,356,5434012
US,2021,75-79,M,K83,117,387,4461789
US,2021,80-84,F,K83,103,340,3613724
US,2021,80-84,M,K83,132,360,2688870
US,2021,85+,F,K83,354,823,3865451
US,2021,85+,M,K83,215,550,2203599
US,2022,0-4,F,K83,1,14,9149470
US,2022,0-4,M,K83,2,15,9561484
US,2022,10-14,F,K83,0,0,10338140
US,2022,10-14,M,K83,0,0,10858115
US,2022,15-19,F,K83,0,1,10695953
US,2022,15-19,M,K83,2,3,11201441
US,2022,20-24,F,K83,1,5,10656544
US,2022,20-24,M,K83,1,5,11090066
US,2022,25-29,F,K83,3,5,10953339
US,2022,25-29,M,K83,4,10,11299481
US,2022,30-34,F,K83,7,15,11618816
US,2022,30-34,M,K83,5,13,11852898
US,2022,35-39,F,K83,6,21,11104338
US,2022,35-39,M,K83,9,33,11337479
US,2022,40-44,F,K83,5,44,10726881
US,2022,40-44,M,K83,8,50,10827504
US,2022,45-49,F,K83,17,56,9874888
US,2022,45-49,M,K83,16,56,9826556
US,2022,5-9,F,K83,0,0,9924379
US,2022,5-9,M,K83,0,0,10384438
US,2022,50-54,F,K83,22,105,10467562
US,2022,50-54,M,K83,26,115,10418054
US,2022,55-59,F,K83,24,152,10690530
US,2022,55-59,M,K83,47,204,10387713
US,2022,60-64,F,K83,62,239,10921606
US,2022,60-64,M,K83,47,274,10344609
US,2022,65-69,F,K83,84,307,9845120
US,2022,65-69,M,K83,78,364,8934330
US,2022,70-74,F,K83,108,375,8159247
US,2022,70-74,M,K83,118,441,7066013
US,2022,75-79,F,K83,149,420,5934586
US,2022,75-79,M,K83,136,443,4911106
US,2022,80-84,F,K83,113,363,3753023
US,2022,80-84,M,K83,130,353,2797365
US,2022,85+,F,K83,301,763,3866967
US,2022,85+,M,K83,207,539,2237280
US,2023,0-4,F,K83,1,4,9113709
US,2023,0-4,M,K83,2,16,9518688
US,2023,10-14,F,K83,0,0,10220382
US,2023,10-14,M,K83,0,0,10723279
US,2023,15-19,F,K83,0,0,10848970
US,2023,15-19,M,K83,0,0,11379103
US,2023,20-24,F,K83,2,5,10793698
US,2023,20-24,M,K83,0,3,11249749
US,2023,25-29,F,K83,1,3,10974079
US,2023,25-29,M,K83,2,8,11304143
US,2023,30-34,F,K83,4,14,11761144
US,2023,30-34,M,K83,5,17,12009251
US,2023,35-39,F,K83,5,23,11232482
US,2023,35-39,M,K83,5,28,11465154
US,2023,40-44,F,K83,7,38,10948511
US,2023,40-44,M,K83,6,26,11066810
US,2023,45-49,F,K83,17,62,9974556
US,2023,45-49,M,K83,8,63,9932362
US,2023,5-9,F,K83,1,2,9912913
US,2023,5-9,M,K83,0,0,10371140
US,2023,50-54,F,K83,16,87,10407373
US,2023,50-54,M,K83,14,98,10331257
US,2023,55-59,F,K83,33,155,10466862
US,2023,55-59,M,K83,35,173,10188050
US,2023,60-64,F,K83,66,246,10932221
US,2023,60-64,M,K83,53,236,10353638
US,2023,65-69,F,K83,69,322,10042785
US,2023,65-69,M,K83,92,373,9138341
US,2023,70-74,F,K83,121,399,8331148
US,2023,70-74,M,K83,106,438,7204482
US,2023,75-79,F,K83,122,408,6221182
US,2023,75-79,M,K83,139,440,5158922
US,2023,80-84,F,K83,140,414,3983828
US,2023,80-84,M,K83,120,409,2991466
US,2023,85+,F,K83,296,784,3934293
US,2023,85+,M,K83,213,545,2320260
US,2024,0-4,F,K83,2,13,9098271
US,2024,0-4,M,K83,3,25,9501043
US,2024,10-14,F,K83,0,0,10200006
US,2024,10-14,M,K83,1,1,10701148
US,2024,15-19,F,K83,0,0,10914056
US,2024,15-19,M,K83,2,5,11461769
US,2024,20-24,F,K83,0,3,10970121
US,2024,20-24,M,K83,1,4,11451815
US,2024,25-29,F,K83,3,10,11069140
US,2024,25-29,M,K83,3,13,11390736
US,2024,30-34,F,K83,1,12,11866273
US,2024,30-34,M,K83,6,20,12127715
US,2024,35-39,F,K83,5,20,11467859
US,2024,35-39,M,K83,5,32,11702213
US,2024,40-44,F,K83,7,47,11115417
US,2024,40-44,M,K83,8,57,11253735
US,2024,45-49,F,K83,10,44,10164244
US,2024,45-49,M,K83,21,56,10129805
US,2024,5-9,F,K83,0,0,9878030
US,2024,5-9,M,K83,0,1,10319642
US,2024,50-54,F,K83,21,101,10293667
US,2024,50-54,M,K83,23,116,10192640
US,2024,55-59,F,K83,32,149,10307943
US,2024,55-59,M,K83,41,219,10051985
US,2024,60-64,F,K83,67,266,10938774
US,2024,60-64,M,K83,60,311,10363023
US,2024,65-69,F,K83,88,324,10191886
US,2024,65-69,M,K83,84,369,9297585
US,2024,70-74,F,K83,101,430,8553407
US,2024,70-74,M,K83,117,479,7402084
US,2024,75-79,F,K83,136,437,6557458
US,2024,75-79,M,K83,133,519,5435868
US,2024,80-84,F,K83,146,432,4165424
US,2024,80-84,M,K83,138,435,3141063
US,2024,85+,F,K83,352,840,4021130
US,2024,85+,M,K83,180,512,2414013
